WarName,Label,Year,Source,Player1,Target,Player2,Initiator,TradePercent,Diplomatic
Franco-Spanish War,Franco-Spanish War - 1823,1823,230,Spain,220,France,0,0,TRUE
Franco-Spanish War,Franco-Spanish War - 1823,1823,220,France,230,Spain,1,0,TRUE
First Russo-Turkish,First Russo-Turkish - 1828,1828,640,Ottoman Empire,365,Russia,0,0,TRUE
First Russo-Turkish,First Russo-Turkish - 1828,1828,365,Russia,640,Ottoman Empire,1,0,TRUE
Mexican-American,Mexican-American - 1846,1846,70,Mexico,2,United States of America,0,0,TRUE
Mexican-American,Mexican-American - 1846,1846,2,United States of America,70,Mexico,1,0,TRUE
Austro-Sardinian,Austro-Sardinian - 1848,1848,337,Tuscany,300,Austria,0,0,TRUE
Austro-Sardinian,Austro-Sardinian - 1848,1848,325,Italy,300,Austria,1,0,TRUE
Austro-Sardinian,Austro-Sardinian - 1848,1848,300,Austria,337,Tuscany,0,0,TRUE
Austro-Sardinian,Austro-Sardinian - 1848,1848,300,Austria,325,Italy,0,0,TRUE
Austro-Sardinian,Austro-Sardinian - 1848,1848,300,Austria,332,Modena,0,0,TRUE
Austro-Sardinian,Austro-Sardinian - 1848,1848,332,Modena,300,Austria,0,0,TRUE
First Schleswig-Holstein,First Schleswig-Holstein - 1848,1848,255,Prussia,390,Denmark,1,0,TRUE
First Schleswig-Holstein,First Schleswig-Holstein - 1848,1848,390,Denmark,255,Prussia,0,0,TRUE
Roman Republic,Roman Republic - 1849,1849,220,France,327,Papal States,1,0,TRUE
Roman Republic,Roman Republic - 1849,1849,329,Two Sicilies,327,Papal States,0,0,FALSE
Roman Republic,Roman Republic - 1849,1849,300,Austria,327,Papal States,0,0,TRUE
Roman Republic,Roman Republic - 1849,1849,327,Papal States,220,France,0,0,TRUE
Roman Republic,Roman Republic - 1849,1849,327,Papal States,329,Two Sicilies,0,0,FALSE
Roman Republic,Roman Republic - 1849,1849,327,Papal States,300,Austria,0,0,TRUE
La Plata,La Plata - 1851,1851,160,Argentina,140,Brazil,0,0,TRUE
La Plata,La Plata - 1851,1851,140,Brazil,160,Argentina,1,0,TRUE
Crimean,Crimean - 1853,1853,640,Turkey,365,Russia,1,0,TRUE
Crimean,Crimean - 1855,1855,325,Italy,365,Russia,0,0,TRUE
Crimean,Crimean - 1854,1854,220,France,365,Russia,0,0,TRUE
Crimean,Crimean - 1854,1854,200,United Kingdom,365,Russia,0,0,TRUE
Crimean,Crimean - 1853,1853,365,Russia,640,Turkey,0,0,TRUE
Crimean,Crimean - 1853,1853,365,Russia,325,Italy,0,0,TRUE
Crimean,Crimean - 1853,1853,365,Russia,220,France,0,0,TRUE
Crimean,Crimean - 1853,1853,365,Russia,200,United Kingdom,0,0,TRUE
Anglo-Persian,Anglo-Persian - 1856,1856,200,United Kingdom,630,Iran,1,0,FALSE
Anglo-Persian,Anglo-Persian - 1856,1856,630,Iran,200,United Kingdom,0,0,FALSE
Italian Unification,Italian Unification - 1859,1859,325,Sardinia/Piedmont,300,Austria,0,0,TRUE
Italian Unification,Italian Unification - 1859,1859,300,Austria,325,Sardinia/Piedmont,1,0,TRUE
Italian Unification,Italian Unification - 1859,1859,300,Austria,220,France,1,0,TRUE
Italian Unification,Italian Unification - 1859,1859,220,France,300,Austria,0,0,TRUE
First Spanish-Moroccan,First Spanish-Moroccan - 1859,1859,600,Morocco,230,Spain,0,0,FALSE
First Spanish-Moroccan,First Spanish-Moroccan - 1859,1859,230,Spain,600,Morocco,1,0,FALSE
Italian-Roman,Italian-Roman - 1860,1860,325,Sardinia/Piedmont,327,Papal States,1,0,TRUE
Italian-Roman,Italian-Roman - 1860,1860,327,Papal States,325,Sardinia/Piedmont,0,0,TRUE
Neapolitan,Neapolitan - 1860,1860,329,Two Sicilies,325,Sardinia/Piedmont,0,0,TRUE
Neapolitan,Neapolitan - 1860,1860,325,Sardinia/Piedmont,329,Two Sicilies,1,0,TRUE
Franco-Mexican,Franco-Mexican - 1862,1862,70,Mexico,220,France,0,0,TRUE
Franco-Mexican,Franco-Mexican - 1862,1862,220,France,70,Mexico,1,0,TRUE
Ecuadorian-Colombian,Ecuadorian-Colombian - 1863,1863,100,Colombia,130,Ecuador,1,0,FALSE
Ecuadorian-Colombian,Ecuadorian-Colombian - 1863,1863,130,Ecuador,100,Colombia,0,0,FALSE
Second Schleswig-Holstein,Second Schleswig-Holstein - 1864,1864,255,Germany,390,Denmark,1,0,TRUE
Second Schleswig-Holstein,Second Schleswig-Holstein - 1864,1864,390,Denmark,255,Germany,0,0,TRUE
Second Schleswig-Holstein,Second Schleswig-Holstein - 1864,1864,390,Denmark,300,Austria,0,0,TRUE
Second Schleswig-Holstein,Second Schleswig-Holstein - 1864,1864,300,Austria,390,Denmark,0,0,TRUE
Lopez,Lopez - 1865,1865,160,Argentina,150,Paraguay,0,0,FALSE
Lopez,Lopez - 1864,1864,150,Paraguay,160,Argentina,1,0,FALSE
Lopez,Lopez - 1864,1864,150,Paraguay,140,Brazil,1,0,FALSE
Lopez,Lopez - 1864,1864,140,Brazil,150,Paraguay,0,0,FALSE
Naval War,Naval War - 1865,1865,155,Chile,230,Spain,0,0,TRUE
Naval War,Naval War - 1866,1866,135,Peru,230,Spain,0,0,FALSE
Naval War,Naval War - 1865,1865,230,Spain,155,Chile,1,0,TRUE
Naval War,Naval War - 1865,1865,230,Spain,135,Peru,1,0,FALSE
Seven Weeks,Seven Weeks - 1866,1866,325,Italy,275,Hesse Grand Ducal,0,0,FALSE
Seven Weeks,Seven Weeks - 1866,1866,325,Italy,271,Wuerttemburg,0,0,FALSE
Seven Weeks,Seven Weeks - 1866,1866,325,Italy,245,Bavaria,0,0,TRUE
Seven Weeks,Seven Weeks - 1866,1866,325,Italy,300,Austria,0,0,TRUE
Seven Weeks,Seven Weeks - 1866,1866,325,Italy,273,Hesse Electoral,0,0,FALSE
Seven Weeks,Seven Weeks - 1866,1866,325,Italy,269,Saxony,0,0,TRUE
Seven Weeks,Seven Weeks - 1866,1866,325,Italy,267,Baden,0,0,FALSE
Seven Weeks,Seven Weeks - 1866,1866,325,Italy,240,Hanover,0,0,FALSE
Seven Weeks,Seven Weeks - 1866,1866,275,Hesse Grand Ducal,325,Italy,0,0,FALSE
Seven Weeks,Seven Weeks - 1866,1866,275,Hesse Grand Ducal,255,Germany,0,0,TRUE
Seven Weeks,Seven Weeks - 1866,1866,275,Hesse Grand Ducal,280,Mecklenburg Schwerin,0,0,FALSE
Seven Weeks,Seven Weeks - 1866,1866,271,Wuerttemburg,325,Italy,0,0,FALSE
Seven Weeks,Seven Weeks - 1866,1866,271,Wuerttemburg,255,Germany,0,0,TRUE
Seven Weeks,Seven Weeks - 1866,1866,271,Wuerttemburg,280,Mecklenburg Schwerin,0,0,FALSE
Seven Weeks,Seven Weeks - 1866,1866,245,Bavaria,325,Italy,0,0,TRUE
Seven Weeks,Seven Weeks - 1866,1866,245,Bavaria,255,Germany,0,0,TRUE
Seven Weeks,Seven Weeks - 1866,1866,245,Bavaria,280,Mecklenburg Schwerin,0,0,FALSE
Seven Weeks,Seven Weeks - 1866,1866,300,Austria,325,Italy,0,0,TRUE
Seven Weeks,Seven Weeks - 1866,1866,300,Austria,255,Germany,0,0,TRUE
Seven Weeks,Seven Weeks - 1866,1866,300,Austria,280,Mecklenburg Schwerin,0,0,TRUE
Seven Weeks,Seven Weeks - 1866,1866,255,Germany,275,Hesse Grand Ducal,1,0,TRUE
Seven Weeks,Seven Weeks - 1866,1866,255,Germany,271,Wuerttemburg,1,0,TRUE
Seven Weeks,Seven Weeks - 1866,1866,255,Germany,245,Bavaria,1,0,TRUE
Seven Weeks,Seven Weeks - 1866,1866,255,Germany,300,Austria,1,0,TRUE
Seven Weeks,Seven Weeks - 1866,1866,255,Germany,273,Hesse Electoral,1,0,TRUE
Seven Weeks,Seven Weeks - 1866,1866,255,Germany,269,Saxony,1,0,TRUE
Seven Weeks,Seven Weeks - 1866,1866,255,Germany,267,Baden,1,0,TRUE
Seven Weeks,Seven Weeks - 1866,1866,255,Germany,240,Hanover,1,0,TRUE
Seven Weeks,Seven Weeks - 1866,1866,280,Mecklenburg Schwerin,275,Hesse Grand Ducal,0,0,FALSE
Seven Weeks,Seven Weeks - 1866,1866,280,Mecklenburg Schwerin,271,Wuerttemburg,0,0,FALSE
Seven Weeks,Seven Weeks - 1866,1866,280,Mecklenburg Schwerin,245,Bavaria,0,0,FALSE
Seven Weeks,Seven Weeks - 1866,1866,280,Mecklenburg Schwerin,300,Austria,0,0,TRUE
Seven Weeks,Seven Weeks - 1866,1866,280,Mecklenburg Schwerin,273,Hesse Electoral,0,0,FALSE
Seven Weeks,Seven Weeks - 1866,1866,280,Mecklenburg Schwerin,269,Saxony,0,0,FALSE
Seven Weeks,Seven Weeks - 1866,1866,280,Mecklenburg Schwerin,267,Baden,0,0,FALSE
Seven Weeks,Seven Weeks - 1866,1866,280,Mecklenburg Schwerin,240,Hanover,0,0,FALSE
Seven Weeks,Seven Weeks - 1866,1866,273,Hesse Electoral,325,Italy,0,0,FALSE
Seven Weeks,Seven Weeks - 1866,1866,273,Hesse Electoral,255,Germany,0,0,TRUE
Seven Weeks,Seven Weeks - 1866,1866,273,Hesse Electoral,280,Mecklenburg Schwerin,0,0,FALSE
Seven Weeks,Seven Weeks - 1866,1866,269,Saxony,325,Italy,0,0,TRUE
Seven Weeks,Seven Weeks - 1866,1866,269,Saxony,255,Germany,0,0,TRUE
Seven Weeks,Seven Weeks - 1866,1866,269,Saxony,280,Mecklenburg Schwerin,0,0,FALSE
Seven Weeks,Seven Weeks - 1866,1866,267,Baden,325,Italy,0,0,FALSE
Seven Weeks,Seven Weeks - 1866,1866,267,Baden,255,Germany,0,0,TRUE
Seven Weeks,Seven Weeks - 1866,1866,267,Baden,280,Mecklenburg Schwerin,0,0,FALSE
Seven Weeks,Seven Weeks - 1866,1866,240,Hanover,325,Italy,0,0,FALSE
Seven Weeks,Seven Weeks - 1866,1866,240,Hanover,255,Germany,0,0,TRUE
Seven Weeks,Seven Weeks - 1866,1866,240,Hanover,280,Mecklenburg Schwerin,0,0,FALSE
Franco-Prussian,Franco-Prussian - 1870,1870,271,Wuerttemburg,220,France,0,0,TRUE
Franco-Prussian,Franco-Prussian - 1870,1870,267,Baden,220,France,0,0,TRUE
Franco-Prussian,Franco-Prussian - 1870,1870,255,Germany,220,France,0,0.041936588,TRUE
Franco-Prussian,Franco-Prussian - 1870,1870,245,Bavaria,220,France,0,0,TRUE
Franco-Prussian,Franco-Prussian - 1870,1870,220,France,271,Wuerttemburg,1,0,TRUE
Franco-Prussian,Franco-Prussian - 1870,1870,220,France,267,Baden,1,0,TRUE
Franco-Prussian,Franco-Prussian - 1870,1870,220,France,255,Germany,1,0.036508872,TRUE
Franco-Prussian,Franco-Prussian - 1870,1870,220,France,245,Bavaria,1,0,TRUE
First Central American,First Central American - 1876,1876,90,Guatemala,92,El Salvador,1,0,FALSE
First Central American,First Central American - 1876,1876,92,El Salvador,90,Guatemala,0,0,FALSE
Second Russo-Turkish,Second Russo-Turkish - 1877,1877,640,Turkey,365,Russia,0,0.040631579,TRUE
Second Russo-Turkish,Second Russo-Turkish - 1877,1877,365,Russia,640,Turkey,1,0.009552406,TRUE
War of the Pacific,War of the Pacific - 1879,1879,155,Chile,135,Peru,1,0,TRUE
War of the Pacific,War of the Pacific - 1879,1879,155,Chile,145,Bolivia,1,0,TRUE
War of the Pacific,War of the Pacific - 1879,1879,135,Peru,155,Chile,0,0,TRUE
War of the Pacific,War of the Pacific - 1879,1879,145,Bolivia,155,Chile,0,0,TRUE
Conquest of Egypt,Conquest of Egypt - 1882,1882,651,Egypt,200,United Kingdom,0,0,FALSE
Conquest of Egypt,Conquest of Egypt - 1882,1882,200,United Kingdom,651,Egypt,1,0,FALSE
Sino-French,Sino-French - 1884,1884,220,France,710,China,1,0.012008809,TRUE
Sino-French,Sino-French - 1884,1884,710,China,220,France,0,0.092630696,TRUE
Second Central American,Second Central American - 1885,1885,92,El Salvador,90,Guatemala,0,0,TRUE
Second Central American,Second Central American - 1885,1885,90,Guatemala,92,El Salvador,1,0,TRUE
First Sino-Japanese,First Sino-Japanese - 1894,1894,710,China,740,Japan,0,0.12361035,TRUE
First Sino-Japanese,First Sino-Japanese - 1894,1894,740,Japan,710,China,1,0.185829066,TRUE
Greco-Turkish,Greco-Turkish - 1897,1897,350,Greece,640,Turkey,1,0.083675761,TRUE
Greco-Turkish,Greco-Turkish - 1897,1897,640,Turkey,350,Greece,0,0.018410527,TRUE
Spanish-American,Spanish-American - 1898,1898,230,Spain,2,United States of America,0,0.115108056,TRUE
Spanish-American,Spanish-American - 1898,1898,2,United States of America,230,Spain,1,0.011226073,TRUE
Boxer Rebellion,Boxer Rebellion - 1900,1900,365,Russia,710,China,1,0.016084449,TRUE
Boxer Rebellion,Boxer Rebellion - 1900,1900,740,Japan,710,China,1,0.132947036,TRUE
Boxer Rebellion,Boxer Rebellion - 1900,1900,2,United States of America,710,China,1,0.012515162,TRUE
Boxer Rebellion,Boxer Rebellion - 1900,1900,710,China,365,Russia,0,0.045016752,TRUE
Boxer Rebellion,Boxer Rebellion - 1900,1900,710,China,740,Japan,0,0.121650268,TRUE
Boxer Rebellion,Boxer Rebellion - 1900,1900,710,China,2,United States of America,0,0.103505937,TRUE
Boxer Rebellion,Boxer Rebellion - 1900,1900,710,China,200,United Kingdom,0,0.138454592,TRUE
Boxer Rebellion,Boxer Rebellion - 1900,1900,710,China,220,France,0,0.064070796,TRUE
Boxer Rebellion,Boxer Rebellion - 1900,1900,200,United Kingdom,710,China,1,0.012513912,TRUE
Boxer Rebellion,Boxer Rebellion - 1900,1900,220,France,710,China,1,0.009146496,TRUE
Sino-Russian,Sino-Russian - 1900,1900,365,Russia,710,China,1,0.016084449,TRUE
Sino-Russian,Sino-Russian - 1900,1900,710,China,365,Russia,0,0.045016752,TRUE
Russo-Japanese,Russo-Japanese - 1904,1904,740,Japan,365,Russia,1,0.002826864,TRUE
Russo-Japanese,Russo-Japanese - 1904,1904,365,Russia,740,Japan,0,0.00120688,TRUE
Third Central American,Third Central American - 1906,1906,91,Honduras,90,Guatemala,0,0,FALSE
Third Central American,Third Central American - 1906,1906,92,El Salvador,90,Guatemala,0,0,TRUE
Third Central American,Third Central American - 1906,1906,90,Guatemala,91,Honduras,1,0,FALSE
Third Central American,Third Central American - 1906,1906,90,Guatemala,92,El Salvador,1,0,TRUE
Fourth Central American,Fourth Central American - 1907,1907,93,Nicaragua,92,El Salvador,1,0,FALSE
Fourth Central American,Fourth Central American - 1907,1907,93,Nicaragua,91,Honduras,1,0,FALSE
Fourth Central American,Fourth Central American - 1907,1907,92,El Salvador,93,Nicaragua,0,0,FALSE
Fourth Central American,Fourth Central American - 1907,1907,91,Honduras,93,Nicaragua,0,0,FALSE
Second Spanish-Moroccan,Second Spanish-Moroccan - 1909,1909,230,Spain,600,Morocco,1,0.007613383,TRUE
Second Spanish-Moroccan,Second Spanish-Moroccan - 1909,1909,600,Morocco,230,Spain,0,0.133069301,TRUE
Italian-Turkish,Italian-Turkish - 1911,1911,325,Italy,640,Turkey,1,0.030452835,TRUE
Italian-Turkish,Italian-Turkish - 1911,1911,640,Turkey,325,Italy,0,0.096656963,TRUE
First Balkan,First Balkan - 1912,1912,640,Turkey,350,Greece,0,0.008526707,TRUE
First Balkan,First Balkan - 1912,1912,640,Turkey,355,Bulgaria,0,0.01833242,TRUE
First Balkan,First Balkan - 1912,1912,640,Turkey,345,Yugoslavia,0,0.008784318,TRUE
First Balkan,First Balkan - 1912,1912,350,Greece,640,Turkey,0,0.047157895,TRUE
First Balkan,First Balkan - 1912,1912,355,Bulgaria,640,Turkey,0,0.082713823,TRUE
First Balkan,First Balkan - 1912,1912,345,Yugoslavia,640,Turkey,1,0.065893964,TRUE
Second Balkan,Second Balkan - 1913,1913,640,Turkey,355,Bulgaria,0,0.00680625,TRUE
Second Balkan,Second Balkan - 1913,1913,345,Yugoslavia,355,Bulgaria,0,0.011856842,TRUE
Second Balkan,Second Balkan - 1913,1913,350,Greece,355,Bulgaria,0,0.015660383,FALSE
Second Balkan,Second Balkan - 1913,1913,355,Bulgaria,640,Turkey,1,0.027822797,TRUE
Second Balkan,Second Balkan - 1913,1913,355,Bulgaria,345,Yugoslavia,1,0.006045529,TRUE
Second Balkan,Second Balkan - 1913,1913,355,Bulgaria,350,Greece,1,0.012787245,FALSE
Second Balkan,Second Balkan - 1913,1913,355,Bulgaria,360,Romania,1,0.027260718,FALSE
Second Balkan,Second Balkan - 1913,1913,360,Romania,355,Bulgaria,0,0.007865193,FALSE
World War I,World War I - 1914,1914,345,Yugoslavia,355,Bulgaria,0,0.011856842,TRUE
World War I,World War I - 1914,1914,345,Yugoslavia,640,Turkey,0,0.065893964,TRUE
World War I,World War I - 1914,1914,345,Yugoslavia,255,Germany,0,0.257616853,TRUE
World War I,World War I - 1914,1914,345,Yugoslavia,300,Austria-Hungary,0,0.441397868,TRUE
World War I,World War I - 1914,1914,365,Russia,355,Bulgaria,0,0.004103114,TRUE
World War I,World War I - 1914,1914,365,Russia,640,Turkey,0,0.011726011,TRUE
World War I,World War I - 1914,1914,365,Russia,255,Germany,0,0.454625028,TRUE
World War I,World War I - 1914,1914,365,Russia,300,Austria-Hungary,0,0.034893426,TRUE
World War I,World War I - 1915,1915,355,Bulgaria,345,Yugoslavia,0,0.006045529,TRUE
World War I,World War I - 1915,1915,355,Bulgaria,365,Russia,0,0.085014096,TRUE
World War I,World War I - 1915,1915,355,Bulgaria,200,United Kingdom,0,0.065622456,TRUE
World War I,World War I - 1915,1915,355,Bulgaria,740,Japan,0,0,FALSE
World War I,World War I - 1915,1915,355,Bulgaria,235,Portugal,0,0,FALSE
World War I,World War I - 1915,1915,355,Bulgaria,211,Belgium,0,0.129017068,TRUE
World War I,World War I - 1915,1915,355,Bulgaria,350,Greece,0,0.012787245,FALSE
World War I,World War I - 1915,1915,355,Bulgaria,360,Romania,0,0.027260718,TRUE
World War I,World War I - 1915,1915,355,Bulgaria,220,France,0,0.047354963,TRUE
World War I,World War I - 1915,1915,355,Bulgaria,325,Italy,0,0.027822797,TRUE
World War I,World War I - 1915,1915,355,Bulgaria,2,United States of America,0,0.005761286,TRUE
World War I,World War I - 1914,1914,200,United Kingdom,355,Bulgaria,0,0.00078857,TRUE
World War I,World War I - 1914,1914,200,United Kingdom,640,Turkey,0,0.010275053,TRUE
World War I,World War I - 1914,1914,200,United Kingdom,255,Germany,0,0.098496987,TRUE
World War I,World War I - 1914,1914,200,United Kingdom,300,Austria-Hungary,0,0.009780297,TRUE
World War I,World War I - 1914,1914,740,Japan,355,Bulgaria,0,0,FALSE
World War I,World War I - 1914,1914,740,Japan,640,Turkey,0,2.48E-05,FALSE
World War I,World War I - 1914,1914,740,Japan,255,Germany,0,0.099947208,TRUE
World War I,World War I - 1914,1914,740,Japan,300,Austria-Hungary,0,0.003473502,TRUE
World War I,World War I - 1916,1916,235,Portugal,355,Bulgaria,0,0,FALSE
World War I,World War I - 1916,1916,235,Portugal,640,Turkey,0,0.003012916,FALSE
World War I,World War I - 1916,1916,235,Portugal,255,Germany,0,0.149390411,TRUE
World War I,World War I - 1916,1916,235,Portugal,300,Austria-Hungary,0,0.014305294,TRUE
World War I,World War I - 1914,1914,640,Turkey,345,Yugoslavia,0,0.008784318,TRUE
World War I,World War I - 1914,1914,640,Turkey,365,Russia,0,0,TRUE
World War I,World War I - 1914,1914,640,Turkey,200,United Kingdom,0,0.20917187,TRUE
World War I,World War I - 1914,1914,640,Turkey,740,Japan,0,4.68E-05,FALSE
World War I,World War I - 1914,1914,640,Turkey,235,Portugal,0,0.0012375,FALSE
World War I,World War I - 1914,1914,640,Turkey,211,Belgium,0,0.047575,TRUE
World War I,World War I - 1914,1914,640,Turkey,350,Greece,0,0.0033,TRUE
World War I,World War I - 1914,1914,640,Turkey,360,Romania,0,0.0345125,TRUE
World War I,World War I - 1914,1914,640,Turkey,220,France,0,0.117356248,TRUE
World War I,World War I - 1914,1914,640,Turkey,325,Italy,0,0.099481248,TRUE
World War I,World War I - 1914,1914,640,Turkey,2,United States of America,0,0.0374,TRUE
World War I,World War I - 1914,1914,211,Belgium,355,Bulgaria,0,0.005480134,TRUE
World War I,World War I - 1914,1914,211,Belgium,640,Turkey,0,0.009313695,TRUE
World War I,World War I - 1914,1914,211,Belgium,255,Germany,0,0.167262931,TRUE
World War I,World War I - 1914,1914,211,Belgium,300,Austria-Hungary,0,0.006386342,TRUE
World War I,World War I - 1914,1914,255,Germany,345,Yugoslavia,0,0.002044295,TRUE
World War I,World War I - 1914,1914,255,Germany,365,Russia,0,0.134805693,TRUE
World War I,World War I - 1914,1914,255,Germany,200,United Kingdom,0,0.117303924,TRUE
World War I,World War I - 1914,1914,255,Germany,740,Japan,0,0.013618525,TRUE
World War I,World War I - 1914,1914,255,Germany,235,Portugal,0,0.003589644,TRUE
World War I,World War I - 1914,1914,255,Germany,211,Belgium,0,0.049983526,TRUE
World War I,World War I - 1914,1914,255,Germany,350,Greece,0,0.000999469,TRUE
World War I,World War I - 1914,1914,255,Germany,360,Romania,0,0.011255594,TRUE
World War I,World War I - 1914,1914,255,Germany,220,France,0,0.069321352,TRUE
World War I,World War I - 1914,1914,255,Germany,325,Italy,0,0.038577106,TRUE
World War I,World War I - 1914,1914,255,Germany,2,United States of America,0,0.118695535,TRUE
World War I,World War I - 1917,1917,350,Greece,355,Bulgaria,0,0.015660383,FALSE
World War I,World War I - 1917,1917,350,Greece,640,Turkey,0,0.016520842,TRUE
World War I,World War I - 1917,1917,350,Greece,255,Germany,0,0.085529777,TRUE
World War I,World War I - 1917,1917,350,Greece,300,Austria-Hungary,0,0.140771353,TRUE
World War I,World War I - 1916,1916,360,Romania,355,Bulgaria,0,0.007865193,TRUE
World War I,World War I - 1916,1916,360,Romania,640,Turkey,0,0.040704404,TRUE
World War I,World War I - 1916,1916,360,Romania,255,Germany,0,0.226914894,TRUE
World War I,World War I - 1916,1916,360,Romania,300,Austria-Hungary,0,0.183007645,TRUE
World War I,World War I - 1914,1914,300,Austria-Hungary,345,Yugoslavia,1,0.012914449,TRUE
World War I,World War I - 1914,1914,300,Austria-Hungary,365,Russia,1,0.041479845,TRUE
World War I,World War I - 1914,1914,300,Austria-Hungary,200,United Kingdom,1,0.046696064,TRUE
World War I,World War I - 1914,1914,300,Austria-Hungary,740,Japan,1,0.001773963,TRUE
World War I,World War I - 1914,1914,300,Austria-Hungary,235,Portugal,1,0.001378047,TRUE
World War I,World War I - 1914,1914,300,Austria-Hungary,211,Belgium,1,0.007650995,TRUE
World War I,World War I - 1914,1914,300,Austria-Hungary,350,Greece,1,0.006594852,TRUE
World War I,World War I - 1914,1914,300,Austria-Hungary,360,Romania,1,0.036392617,TRUE
World War I,World War I - 1914,1914,300,Austria-Hungary,220,France,1,0.025766682,TRUE
World War I,World War I - 1914,1914,300,Austria-Hungary,325,Italy,1,0.074454109,TRUE
World War I,World War I - 1914,1914,300,Austria-Hungary,2,United States of America,1,0.03331287,TRUE
World War I,World War I - 1914,1914,220,France,355,Bulgaria,0,0.001141835,TRUE
World War I,World War I - 1914,1914,220,France,640,Turkey,0,0.011567435,TRUE
World War I,World War I - 1914,1914,220,France,255,Germany,0,0.116795865,TRUE
World War I,World War I - 1914,1914,220,France,300,Austria-Hungary,0,0.0108288,TRUE
World War I,World War I - 1915,1915,325,Italy,355,Bulgaria,0,0.001665433,TRUE
World War I,World War I - 1915,1915,325,Italy,640,Turkey,0,0.024342238,TRUE
World War I,World War I - 1915,1915,325,Italy,255,Germany,0,0.16135355,TRUE
World War I,World War I - 1915,1915,325,Italy,300,Austria-Hungary,0,0.07767816,TRUE
World War I,World War I - 1917,1917,2,United States of America,355,Bulgaria,0,9.59E-05,TRUE
World War I,World War I - 1917,1917,2,United States of America,640,Turkey,0,0.002544077,TRUE
World War I,World War I - 1917,1917,2,United States of America,255,Germany,0,0.138013839,TRUE
World War I,World War I - 1917,1917,2,United States of America,300,Austria-Hungary,0,0.009661881,TRUE
Estonian Liberation,Estonian Liberation - 1918,1918,366,Estonia,365,Russia,0,0,FALSE
Estonian Liberation,Estonian Liberation - 1918,1918,375,Finland,365,Russia,0,0,FALSE
Estonian Liberation,Estonian Liberation - 1918,1918,365,Russia,366,Estonia,1,0,FALSE
Estonian Liberation,Estonian Liberation - 1918,1918,365,Russia,375,Finland,1,0,FALSE
Latvian Liberation,Latvian Liberation - 1918,1918,255,Germany,365,Russia,0,0.134805693,TRUE
Latvian Liberation,Latvian Liberation - 1918,1918,365,Russia,255,Germany,1,0.454625028,TRUE
Latvian Liberation,Latvian Liberation - 1918,1918,365,Russia,366,Estonia,1,0,FALSE
Latvian Liberation,Latvian Liberation - 1918,1918,365,Russia,367,Latvia,1,0,FALSE
Latvian Liberation,Latvian Liberation - 1919,1919,255,Germany,366,Estonia,0,0,FALSE
Latvian Liberation,Latvian Liberation - 1919,1919,255,Germany,367,Latvia,0,0,FALSE
Latvian Liberation,Latvian Liberation - 1919,1919,366,Estonia,365,Russia,0,0,FALSE
Latvian Liberation,Latvian Liberation - 1919,1919,366,Estonia,255,Germany,0,0,FALSE
Latvian Liberation,Latvian Liberation - 1918,1918,367,Latvia,365,Russia,0,0,FALSE
Latvian Liberation,Latvian Liberation - 1918,1918,367,Latvia,255,Germany,0,0,FALSE
Russo-Polish,Russo-Polish - 1919,1919,365,Russia,290,Poland,1,0,FALSE
Russo-Polish,Russo-Polish - 1919,1919,290,Poland,365,Russia,0,0,FALSE
Hungarian Adversaries,Hungarian Adversaries - 1919,1919,310,Hungary,315,Czechoslovakia,0,0,FALSE
Hungarian Adversaries,Hungarian Adversaries - 1919,1919,310,Hungary,360,Romania,0,0,FALSE
Hungarian Adversaries,Hungarian Adversaries - 1919,1919,315,Czechoslovakia,310,Hungary,0,0,FALSE
Hungarian Adversaries,Hungarian Adversaries - 1919,1919,360,Romania,310,Hungary,1,0,FALSE
Second Greco-Turkish,Second Greco-Turkish - 1919,1919,640,Turkey,350,Greece,0,0.755365878,TRUE
Second Greco-Turkish,Second Greco-Turkish - 1919,1919,350,Greece,640,Turkey,1,0.069093179,TRUE
Franco-Turkish,Franco-Turkish - 1919,1919,640,Turkey,220,France,0,0.40951222,TRUE
Franco-Turkish,Franco-Turkish - 1919,1919,220,France,640,Turkey,1,0.00257384,TRUE
Lithuanian-Polish,Lithuanian-Polish - 1920,1920,368,Lithuania,290,Poland,0,0,FALSE
Lithuanian-Polish,Lithuanian-Polish - 1920,1920,290,Poland,368,Lithuania,1,0,FALSE
Manchurian,Manchurian - 1929,1929,365,USSR,710,China,1,0.027126366,TRUE
Manchurian,Manchurian - 1929,1929,710,China,365,USSR,0,0.017190249,TRUE
Second Sino-Japanese,Second Sino-Japanese - 1931,1931,740,Japan,710,China,1,0.107660612,TRUE
Second Sino-Japanese,Second Sino-Japanese - 1931,1931,710,China,740,Japan,0,0.208724578,TRUE
Chaco,Chaco - 1932,1932,145,Bolivia,150,Paraguay,1,0,TRUE
Chaco,Chaco - 1932,1932,150,Paraguay,145,Bolivia,0,0,TRUE
Saudi-Yemeni,Saudi-Yemeni - 1934,1934,670,Saudi Arabia,678,Yemen Arab Republic,1,0,FALSE
Saudi-Yemeni,Saudi-Yemeni - 1934,1934,678,Yemen Arab Republic,670,Saudi Arabia,0,0,FALSE
Conquest of Ethiopia,Conquest of Ethiopia - 1935,1935,325,Italy,530,Ethiopia,1,0,TRUE
Conquest of Ethiopia,Conquest of Ethiopia - 1935,1935,530,Ethiopia,325,Italy,0,0,TRUE
Third Sino-Japanese,Third Sino-Japanese - 1937,1937,710,China,740,Japan,0,0.163371178,TRUE
Third Sino-Japanese,Third Sino-Japanese - 1937,1937,740,Japan,710,China,1,0.03364966,TRUE
Changkufeng,Changkufeng - 1938,1938,365,USSR,740,Japan,0,0.005613818,TRUE
Changkufeng,Changkufeng - 1938,1938,740,Japan,365,USSR,1,0.001904177,TRUE
Nomonhan,Nomonhan - 1939,1939,365,USSR,740,Japan,0,0,TRUE
Nomonhan,Nomonhan - 1939,1939,712,Mongolia,740,Japan,0,0,FALSE
Nomonhan,Nomonhan - 1939,1939,740,Japan,365,USSR,1,0,TRUE
Nomonhan,Nomonhan - 1939,1939,740,Japan,712,Mongolia,1,0,FALSE
World War II,World War II - 1941,1941,310,Hungary,211,Belgium,0,0.007220217,TRUE
World War II,World War II - 1941,1941,310,Hungary,345,Yugoslavia,0,0,TRUE
World War II,World War II - 1941,1941,310,Hungary,385,Norway,0,0.001979668,TRUE
World War II,World War II - 1941,1941,310,Hungary,20,Canada,0,0.000790578,FALSE
World War II,World War II - 1941,1941,310,Hungary,2,United States of America,0,0.039711191,TRUE
World War II,World War II - 1941,1941,310,Hungary,200,United Kingdom,0,0.068592058,TRUE
World War II,World War II - 1941,1941,310,Hungary,210,Netherlands,0,0,TRUE
World War II,World War II - 1941,1941,310,Hungary,360,Romania,0,0.061371841,TRUE
World War II,World War II - 1941,1941,310,Hungary,355,Bulgaria,0,0.010830325,TRUE
World War II,World War II - 1941,1941,310,Hungary,350,Greece,0,0,TRUE
World War II,World War II - 1941,1941,310,Hungary,140,Brazil,0,0,TRUE
World War II,World War II - 1941,1941,310,Hungary,325,Italy,0,0.064981949,TRUE
World War II,World War II - 1941,1941,310,Hungary,900,Australia,0,0.00060084,FALSE
World War II,World War II - 1941,1941,310,Hungary,920,New Zealand,0,0,FALSE
World War II,World War II - 1941,1941,310,Hungary,365,USSR,0,0.001698579,TRUE
World War II,World War II - 1941,1941,310,Hungary,290,Poland,0,0.012599278,TRUE
World War II,World War II - 1941,1941,310,Hungary,220,France,0,0.170877097,TRUE
World War II,World War II - 1941,1941,310,Hungary,712,Mongolia,0,0,FALSE
World War II,World War II - 1941,1941,310,Hungary,710,China,0,0.001992258,FALSE
World War II,World War II - 1941,1941,310,Hungary,560,South Africa,0,0.004296029,FALSE
World War II,World War II - 1941,1941,310,Hungary,530,Ethiopia,0,0,FALSE
World War II,World War II - 1940,1940,211,Belgium,310,Hungary,0,0.001343183,TRUE
World War II,World War II - 1940,1940,211,Belgium,220,France,0,0.135661518,TRUE
World War II,World War II - 1940,1940,211,Belgium,375,Finland,0,0.01208865,TRUE
World War II,World War II - 1940,1940,211,Belgium,325,Italy,0,0.010745467,TRUE
World War II,World War II - 1940,1940,211,Belgium,360,Romania,0,0.007387508,TRUE
World War II,World War II - 1940,1940,211,Belgium,355,Bulgaria,0,0.001343183,TRUE
World War II,World War II - 1940,1940,211,Belgium,255,Germany,0,0.112155809,TRUE
World War II,World War II - 1940,1940,211,Belgium,740,Japan,0,0.004701142,TRUE
World War II,World War II - 1940,1940,220,France,211,Belgium,0,0.091559449,TRUE
World War II,World War II - 1940,1940,220,France,345,Yugoslavia,0,0.004658928,TRUE
World War II,World War II - 1940,1940,220,France,385,Norway,0,0.00490122,TRUE
World War II,World War II - 1940,1940,220,France,20,Canada,0,0.011048513,TRUE
World War II,World War II - 1940,1940,220,France,2,United States of America,0,0.147645797,TRUE
World War II,World War II - 1940,1940,220,France,200,United Kingdom,0,0.091648664,TRUE
World War II,World War II - 1940,1940,220,France,210,Netherlands,0,0.005870388,TRUE
World War II,World War II - 1940,1940,220,France,360,Romania,0,0.003904362,TRUE
World War II,World War II - 1940,1940,220,France,355,Bulgaria,0,0.007002238,TRUE
World War II,World War II - 1940,1940,220,France,350,Greece,0,0.001488365,TRUE
World War II,World War II - 1940,1940,220,France,140,Brazil,0,0.017313491,TRUE
World War II,World War II - 1940,1940,220,France,325,Italy,0,0.01617818,TRUE
World War II,World War II - 1940,1940,220,France,900,Australia,0,0.021127859,FALSE
World War II,World War II - 1940,1940,220,France,920,New Zealand,0,0.004589702,FALSE
World War II,World War II - 1940,1940,220,France,365,USSR,0,0.008971725,TRUE
World War II,World War II - 1940,1940,220,France,290,Poland,0,0.00572889,TRUE
World War II,World War II - 1940,1940,220,France,712,Mongolia,0,0,FALSE
World War II,World War II - 1940,1940,220,France,710,China,0,0.003129028,TRUE
World War II,World War II - 1940,1940,220,France,560,South Africa,0,0.006209597,TRUE
World War II,World War II - 1940,1940,220,France,530,Ethiopia,0,0,TRUE
World War II,World War II - 1941,1941,345,Yugoslavia,310,Hungary,0,0,TRUE
World War II,World War II - 1941,1941,345,Yugoslavia,220,France,0,0,TRUE
World War II,World War II - 1941,1941,345,Yugoslavia,375,Finland,0,1.89E-05,TRUE
World War II,World War II - 1941,1941,345,Yugoslavia,325,Italy,0,0,TRUE
World War II,World War II - 1941,1941,345,Yugoslavia,360,Romania,0,0,TRUE
World War II,World War II - 1941,1941,345,Yugoslavia,355,Bulgaria,0,0.001628804,TRUE
World War II,World War II - 1941,1941,345,Yugoslavia,255,Germany,0,0,TRUE
World War II,World War II - 1941,1941,345,Yugoslavia,740,Japan,0,0.000214316,TRUE
World War II,World War II - 1941,1941,375,Finland,211,Belgium,0,0.049065714,TRUE
World War II,World War II - 1941,1941,375,Finland,345,Yugoslavia,0,1.33E-05,TRUE
World War II,World War II - 1941,1941,375,Finland,385,Norway,0,0.002752732,TRUE
World War II,World War II - 1941,1941,375,Finland,20,Canada,0,0.002232319,FALSE
World War II,World War II - 1941,1941,375,Finland,2,United States of America,0,0.095405555,TRUE
World War II,World War II - 1941,1941,375,Finland,200,United Kingdom,0,0.357089362,TRUE
World War II,World War II - 1941,1941,375,Finland,210,Netherlands,0,0.034978801,TRUE
World War II,World War II - 1941,1941,375,Finland,360,Romania,0,0,TRUE
World War II,World War II - 1941,1941,375,Finland,355,Bulgaria,0,0,TRUE
World War II,World War II - 1941,1941,375,Finland,350,Greece,0,0.005770771,TRUE
World War II,World War II - 1941,1941,375,Finland,140,Brazil,0,0.010903492,TRUE
World War II,World War II - 1941,1941,375,Finland,325,Italy,0,0.019081111,TRUE
World War II,World War II - 1941,1941,375,Finland,900,Australia,0,0.005451746,FALSE
World War II,World War II - 1941,1941,375,Finland,920,New Zealand,0,0,FALSE
World War II,World War II - 1941,1941,375,Finland,365,USSR,0,0.008177619,TRUE
World War II,World War II - 1941,1941,375,Finland,290,Poland,0,0.016355238,TRUE
World War II,World War II - 1941,1941,375,Finland,220,France,0,0.130153362,TRUE
World War II,World War II - 1941,1941,375,Finland,712,Mongolia,0,0,FALSE
World War II,World War II - 1941,1941,375,Finland,710,China,0,0.001962628,TRUE
World War II,World War II - 1941,1941,375,Finland,560,South Africa,0,0.011475925,FALSE
World War II,World War II - 1941,1941,375,Finland,530,Ethiopia,0,0.00015983,FALSE
World War II,World War II - 1940,1940,385,Norway,310,Hungary,0,0.00104442,TRUE
World War II,World War II - 1940,1940,385,Norway,220,France,0,0.019985116,TRUE
World War II,World War II - 1940,1940,385,Norway,375,Finland,0,0.001750109,TRUE
World War II,World War II - 1940,1940,385,Norway,325,Italy,0,0.022102183,TRUE
World War II,World War II - 1940,1940,385,Norway,360,Romania,0,0.000423414,TRUE
World War II,World War II - 1940,1940,385,Norway,355,Bulgaria,0,8.47E-05,TRUE
World War II,World War II - 1940,1940,385,Norway,255,Germany,0,0.377967069,TRUE
World War II,World War II - 1940,1940,385,Norway,740,Japan,0,0.007677898,TRUE
World War II,World War II - 1939,1939,20,Canada,310,Hungary,0,0.000138206,FALSE
World War II,World War II - 1939,1939,20,Canada,220,France,0,0.009242409,TRUE
World War II,World War II - 1939,1939,20,Canada,375,Finland,0,0.000503069,FALSE
World War II,World War II - 1939,1939,20,Canada,325,Italy,0,0.004104849,FALSE
World War II,World War II - 1939,1939,20,Canada,360,Romania,0,0,FALSE
World War II,World War II - 1939,1939,20,Canada,355,Bulgaria,0,0,FALSE
World War II,World War II - 1939,1939,20,Canada,255,Germany,0,0.00512539,FALSE
World War II,World War II - 1939,1939,20,Canada,740,Japan,0,0.0223035,TRUE
World War II,World War II - 1941,1941,2,United States of America,310,Hungary,0,0.002176494,TRUE
World War II,World War II - 1941,1941,2,United States of America,220,France,0,0.024220013,TRUE
World War II,World War II - 1941,1941,2,United States of America,375,Finland,0,0.006925208,TRUE
World War II,World War II - 1941,1941,2,United States of America,325,Italy,0,0.021962802,TRUE
World War II,World War II - 1941,1941,2,United States of America,360,Romania,0,0.001780768,TRUE
World War II,World War II - 1941,1941,2,United States of America,355,Bulgaria,0,0.000791452,TRUE
World War II,World War II - 1941,1941,2,United States of America,255,Germany,0,0.000407256,TRUE
World War II,World War II - 1941,1941,2,United States of America,740,Japan,0,0.02485313,TRUE
World War II,World War II - 1939,1939,200,United Kingdom,310,Hungary,0,0.002951227,TRUE
World War II,World War II - 1939,1939,200,United Kingdom,220,France,0,0.031505992,TRUE
World War II,World War II - 1939,1939,200,United Kingdom,375,Finland,0,0.020347934,TRUE
World War II,World War II - 1939,1939,200,United Kingdom,325,Italy,0,0.010872942,TRUE
World War II,World War II - 1939,1939,200,United Kingdom,360,Romania,0,0.004504505,TRUE
World War II,World War II - 1939,1939,200,United Kingdom,355,Bulgaria,0,0.000931966,TRUE
World War II,World War II - 1939,1939,200,United Kingdom,255,Germany,0,0.014018876,TRUE
World War II,World War II - 1939,1939,200,United Kingdom,740,Japan,0,0.007259205,TRUE
World War II,World War II - 1940,1940,210,Netherlands,310,Hungary,0,0,TRUE
World War II,World War II - 1940,1940,210,Netherlands,220,France,0,0.009551798,TRUE
World War II,World War II - 1940,1940,210,Netherlands,375,Finland,0,0.008187425,TRUE
World War II,World War II - 1940,1940,210,Netherlands,325,Italy,0,0.00523772,TRUE
World War II,World War II - 1940,1940,210,Netherlands,360,Romania,0,0,TRUE
World War II,World War II - 1940,1940,210,Netherlands,355,Bulgaria,0,0.000567094,TRUE
World War II,World War II - 1940,1940,210,Netherlands,255,Germany,0,0.183185028,TRUE
World War II,World War II - 1940,1940,210,Netherlands,740,Japan,0,0.000732154,TRUE
World War II,World War II - 1940,1940,325,Italy,211,Belgium,0,0.014121801,TRUE
World War II,World War II - 1940,1940,325,Italy,345,Yugoslavia,0,0.018139707,TRUE
World War II,World War II - 1940,1940,325,Italy,385,Norway,0,0.006279129,TRUE
World War II,World War II - 1940,1940,325,Italy,20,Canada,0,0.004413063,FALSE
World War II,World War II - 1940,1940,325,Italy,2,United States of America,0,0.097969991,TRUE
World War II,World War II - 1940,1940,325,Italy,200,United Kingdom,0,0.061782877,TRUE
World War II,World War II - 1940,1940,325,Italy,210,Netherlands,0,0.003728985,TRUE
World War II,World War II - 1940,1940,325,Italy,360,Romania,0,0.017652251,TRUE
World War II,World War II - 1940,1940,325,Italy,355,Bulgaria,0,0.008826125,TRUE
World War II,World War II - 1940,1940,325,Italy,350,Greece,0,0.004715361,TRUE
World War II,World War II - 1940,1940,325,Italy,140,Brazil,0,0.01059135,TRUE
World War II,World War II - 1940,1940,325,Italy,900,Australia,0,0.013239188,FALSE
World War II,World War II - 1940,1940,325,Italy,920,New Zealand,0,0.000553745,FALSE
World War II,World War II - 1940,1940,325,Italy,365,USSR,0,0.004741933,TRUE
World War II,World War II - 1940,1940,325,Italy,290,Poland,0,0.012411781,TRUE
World War II,World War II - 1940,1940,325,Italy,220,France,0,0.018741155,TRUE
World War II,World War II - 1940,1940,325,Italy,712,Mongolia,0,0,FALSE
World War II,World War II - 1940,1940,325,Italy,710,China,0,0.005295675,TRUE
World War II,World War II - 1940,1940,325,Italy,560,South Africa,0,0.008826125,TRUE
World War II,World War II - 1940,1940,325,Italy,530,Ethiopia,0,0,TRUE
World War II,World War II - 1944,1944,360,Romania,310,Hungary,0,0.058419244,TRUE
World War II,World War II - 1944,1944,360,Romania,220,France,0,0,TRUE
World War II,World War II - 1944,1944,360,Romania,375,Finland,0,0,TRUE
World War II,World War II - 1944,1944,360,Romania,325,Italy,0,0.068728522,TRUE
World War II,World War II - 1944,1944,360,Romania,355,Bulgaria,0,0,TRUE
World War II,World War II - 1944,1944,360,Romania,255,Germany,0,0.485126309,TRUE
World War II,World War II - 1944,1944,360,Romania,740,Japan,0,0.000142838,TRUE
World War II,World War II - 1941,1941,360,Romania,211,Belgium,0,0.037800687,TRUE
World War II,World War II - 1941,1941,360,Romania,345,Yugoslavia,0,0,TRUE
World War II,World War II - 1941,1941,360,Romania,385,Norway,0,0.000425774,TRUE
World War II,World War II - 1941,1941,360,Romania,20,Canada,0,0,FALSE
World War II,World War II - 1941,1941,360,Romania,2,United States of America,0,0.030927835,TRUE
World War II,World War II - 1941,1941,360,Romania,200,United Kingdom,0,0.099656357,TRUE
World War II,World War II - 1941,1941,360,Romania,210,Netherlands,0,0,TRUE
World War II,World War II - 1941,1941,360,Romania,355,Bulgaria,0,0.012083005,TRUE
World War II,World War II - 1941,1941,360,Romania,350,Greece,0,0,TRUE
World War II,World War II - 1941,1941,360,Romania,140,Brazil,0,0,TRUE
World War II,World War II - 1941,1941,360,Romania,325,Italy,0,0.068728522,TRUE
World War II,World War II - 1941,1941,360,Romania,900,Australia,0,0,FALSE
World War II,World War II - 1941,1941,360,Romania,920,New Zealand,0,0,FALSE
World War II,World War II - 1941,1941,360,Romania,365,USSR,0,0.001638998,TRUE
World War II,World War II - 1941,1941,360,Romania,290,Poland,0,0.010343643,TRUE
World War II,World War II - 1941,1941,360,Romania,220,France,0,0.281875495,TRUE
World War II,World War II - 1941,1941,360,Romania,712,Mongolia,0,0,FALSE
World War II,World War II - 1941,1941,360,Romania,710,China,0,0,TRUE
World War II,World War II - 1941,1941,360,Romania,560,South Africa,0,0,FALSE
World War II,World War II - 1941,1941,360,Romania,530,Ethiopia,0,0,FALSE
World War II,World War II - 1941,1941,355,Bulgaria,211,Belgium,0,0.015625,TRUE
World War II,World War II - 1941,1941,355,Bulgaria,345,Yugoslavia,0,0.002835821,TRUE
World War II,World War II - 1941,1941,355,Bulgaria,385,Norway,0,0.000179533,TRUE
World War II,World War II - 1941,1941,355,Bulgaria,20,Canada,0,0,FALSE
World War II,World War II - 1941,1941,355,Bulgaria,2,United States of America,0,0.03125,TRUE
World War II,World War II - 1941,1941,355,Bulgaria,200,United Kingdom,0,0.046875,TRUE
World War II,World War II - 1941,1941,355,Bulgaria,210,Netherlands,0,0.005970149,TRUE
World War II,World War II - 1941,1941,355,Bulgaria,360,Romania,0,0.020122484,TRUE
World War II,World War II - 1941,1941,355,Bulgaria,350,Greece,0,0.005970149,TRUE
World War II,World War II - 1941,1941,355,Bulgaria,140,Brazil,0,0,TRUE
World War II,World War II - 1941,1941,355,Bulgaria,325,Italy,0,0.078125,TRUE
World War II,World War II - 1941,1941,355,Bulgaria,900,Australia,0,0,FALSE
World War II,World War II - 1941,1941,355,Bulgaria,920,New Zealand,0,0,FALSE
World War II,World War II - 1941,1941,355,Bulgaria,365,USSR,0,0.003376623,TRUE
World War II,World War II - 1941,1941,355,Bulgaria,290,Poland,0,0.026791045,TRUE
World War II,World War II - 1941,1941,355,Bulgaria,220,France,0,0.083289594,TRUE
World War II,World War II - 1941,1941,355,Bulgaria,712,Mongolia,0,0,FALSE
World War II,World War II - 1941,1941,355,Bulgaria,710,China,0,0,FALSE
World War II,World War II - 1941,1941,355,Bulgaria,560,South Africa,0,0,FALSE
World War II,World War II - 1941,1941,355,Bulgaria,530,Ethiopia,0,0,FALSE
World War II,World War II - 1944,1944,355,Bulgaria,310,Hungary,0,0.0234375,TRUE
World War II,World War II - 1944,1944,355,Bulgaria,220,France,0,0.443894386,TRUE
World War II,World War II - 1944,1944,355,Bulgaria,375,Finland,0,0,TRUE
World War II,World War II - 1944,1944,355,Bulgaria,325,Italy,0,0.078125,TRUE
World War II,World War II - 1944,1944,355,Bulgaria,360,Romania,0,0.043847242,TRUE
World War II,World War II - 1944,1944,355,Bulgaria,255,Germany,0,0.423518837,TRUE
World War II,World War II - 1944,1944,355,Bulgaria,740,Japan,0,0.000149254,TRUE
World War II,World War II - 1940,1940,350,Greece,310,Hungary,0,0,TRUE
World War II,World War II - 1940,1940,350,Greece,220,France,0,0.015016322,TRUE
World War II,World War II - 1940,1940,350,Greece,375,Finland,0,0.010880231,TRUE
World War II,World War II - 1940,1940,350,Greece,325,Italy,0,0.041067892,TRUE
World War II,World War II - 1940,1940,350,Greece,360,Romania,0,0,TRUE
World War II,World War II - 1940,1940,350,Greece,355,Bulgaria,0,0.004567907,TRUE
World War II,World War II - 1940,1940,350,Greece,255,Germany,0,0.259956967,TRUE
World War II,World War II - 1940,1940,350,Greece,740,Japan,0,0.000799384,TRUE
World War II,World War II - 1944,1944,140,Brazil,310,Hungary,0,0,TRUE
World War II,World War II - 1944,1944,140,Brazil,220,France,0,0.022644269,TRUE
World War II,World War II - 1944,1944,140,Brazil,375,Finland,0,0.006756757,TRUE
World War II,World War II - 1944,1944,140,Brazil,325,Italy,0,0.02027027,TRUE
World War II,World War II - 1944,1944,140,Brazil,360,Romania,0,0,TRUE
World War II,World War II - 1944,1944,140,Brazil,355,Bulgaria,0,0,TRUE
World War II,World War II - 1944,1944,140,Brazil,255,Germany,0,0,TRUE
World War II,World War II - 1944,1944,140,Brazil,740,Japan,0,0,TRUE
World War II,World War II - 1943,1943,325,Italy,310,Hungary,0,0.015887026,TRUE
World War II,World War II - 1943,1943,325,Italy,220,France,0,0.064597725,TRUE
World War II,World War II - 1943,1943,325,Italy,375,Finland,0,0.006178288,TRUE
World War II,World War II - 1943,1943,325,Italy,360,Romania,0,0.017652251,TRUE
World War II,World War II - 1943,1943,325,Italy,355,Bulgaria,0,0.008826125,TRUE
World War II,World War II - 1943,1943,325,Italy,255,Germany,0,0,TRUE
World War II,World War II - 1943,1943,325,Italy,740,Japan,0,0,TRUE
World War II,World War II - 1939,1939,900,Australia,310,Hungary,0,0.000192272,FALSE
World War II,World War II - 1939,1939,900,Australia,220,France,0,0.040388129,FALSE
World War II,World War II - 1939,1939,900,Australia,375,Finland,0,0.002298645,FALSE
World War II,World War II - 1939,1939,900,Australia,325,Italy,0,0.017239834,FALSE
World War II,World War II - 1939,1939,900,Australia,360,Romania,0,0,FALSE
World War II,World War II - 1939,1939,900,Australia,355,Bulgaria,0,0,FALSE
World War II,World War II - 1939,1939,900,Australia,255,Germany,0,0.016655251,FALSE
World War II,World War II - 1939,1939,900,Australia,740,Japan,0,0.03755708,FALSE
World War II,World War II - 1939,1939,920,New Zealand,310,Hungary,0,0,FALSE
World War II,World War II - 1939,1939,920,New Zealand,220,France,0,0.020110524,FALSE
World War II,World War II - 1939,1939,920,New Zealand,375,Finland,0,0,FALSE
World War II,World War II - 1939,1939,920,New Zealand,325,Italy,0,0.00146105,FALSE
World War II,World War II - 1939,1939,920,New Zealand,360,Romania,0,0,FALSE
World War II,World War II - 1939,1939,920,New Zealand,355,Bulgaria,0,0,FALSE
World War II,World War II - 1939,1939,920,New Zealand,255,Germany,0,0.007424315,FALSE
World War II,World War II - 1939,1939,920,New Zealand,740,Japan,0,0.01220567,FALSE
World War II,World War II - 1941,1941,365,USSR,310,Hungary,0,0,TRUE
World War II,World War II - 1941,1941,365,USSR,220,France,0,0,TRUE
World War II,World War II - 1941,1941,365,USSR,375,Finland,0,0.005432727,TRUE
World War II,World War II - 1941,1941,365,USSR,325,Italy,0,0.010040913,TRUE
World War II,World War II - 1941,1941,365,USSR,360,Romania,0,0.001023909,TRUE
World War II,World War II - 1941,1941,365,USSR,355,Bulgaria,0,0.000485075,TRUE
World War II,World War II - 1941,1941,365,USSR,255,Germany,0,0,TRUE
World War II,World War II - 1941,1941,365,USSR,740,Japan,0,0,TRUE
World War II,World War II - 1939,1939,255,Germany,211,Belgium,1,0.038093066,TRUE
World War II,World War II - 1939,1939,255,Germany,345,Yugoslavia,1,0.02394643,TRUE
World War II,World War II - 1939,1939,255,Germany,385,Norway,1,0.021625103,TRUE
World War II,World War II - 1939,1939,255,Germany,20,Canada,1,0.001974276,FALSE
World War II,World War II - 1939,1939,255,Germany,2,United States of America,1,0.030266872,TRUE
World War II,World War II - 1939,1939,255,Germany,200,United Kingdom,1,0.020284067,TRUE
World War II,World War II - 1939,1939,255,Germany,210,Netherlands,1,0.061751863,TRUE
World War II,World War II - 1939,1939,255,Germany,360,Romania,1,0.019289988,TRUE
World War II,World War II - 1939,1939,255,Germany,355,Bulgaria,1,0.019692198,TRUE
World War II,World War II - 1939,1939,255,Germany,350,Greece,1,0.011226792,TRUE
World War II,World War II - 1939,1939,255,Germany,140,Brazil,1,0.027816839,TRUE
World War II,World War II - 1939,1939,255,Germany,325,Italy,1,0.062687291,TRUE
World War II,World War II - 1939,1939,255,Germany,900,Australia,1,0.003353282,FALSE
World War II,World War II - 1939,1939,255,Germany,920,New Zealand,1,0.000710188,FALSE
World War II,World War II - 1939,1939,255,Germany,365,USSR,1,0.002790188,TRUE
World War II,World War II - 1939,1939,255,Germany,290,Poland,1,0.007614409,TRUE
World War II,World War II - 1939,1939,255,Germany,220,France,1,0.01205021,TRUE
World War II,World War II - 1939,1939,255,Germany,712,Mongolia,1,0,FALSE
World War II,World War II - 1939,1939,255,Germany,710,China,1,0.007648884,TRUE
World War II,World War II - 1939,1939,255,Germany,560,South Africa,1,0.003419934,TRUE
World War II,World War II - 1939,1939,255,Germany,530,Ethiopia,1,5.52E-05,TRUE
World War II,World War II - 1939,1939,290,Poland,310,Hungary,0,0.007473233,TRUE
World War II,World War II - 1939,1939,290,Poland,220,France,0,0.053119002,TRUE
World War II,World War II - 1939,1939,290,Poland,375,Finland,0,0.012847966,TRUE
World War II,World War II - 1939,1939,290,Poland,325,Italy,0,0.065403071,TRUE
World War II,World War II - 1939,1939,290,Poland,360,Romania,0,0.006445396,TRUE
World War II,World War II - 1939,1939,290,Poland,355,Bulgaria,0,0.017226487,TRUE
World War II,World War II - 1939,1939,290,Poland,255,Germany,0,0.158973132,TRUE
World War II,World War II - 1939,1939,290,Poland,740,Japan,0,0,TRUE
World War II,World War II - 1939,1939,220,France,310,Hungary,0,0.001221335,TRUE
World War II,World War II - 1939,1939,220,France,375,Finland,0,0.002013133,TRUE
World War II,World War II - 1939,1939,220,France,325,Italy,0,0.010609055,TRUE
World War II,World War II - 1939,1939,220,France,360,Romania,0,0.002427145,TRUE
World War II,World War II - 1939,1939,220,France,355,Bulgaria,0,0.000615843,TRUE
World War II,World War II - 1939,1939,220,France,255,Germany,0,0.027133305,TRUE
World War II,World War II - 1939,1939,220,France,740,Japan,0,0.0060808,TRUE
World War II,World War II - 1941,1941,740,Japan,211,Belgium,0,0.004299754,TRUE
World War II,World War II - 1941,1941,740,Japan,345,Yugoslavia,0,2.06E-05,TRUE
World War II,World War II - 1941,1941,740,Japan,385,Norway,0,0.001153252,TRUE
World War II,World War II - 1941,1941,740,Japan,20,Canada,0,0.00342069,TRUE
World War II,World War II - 1941,1941,740,Japan,2,United States of America,0,0.108264078,TRUE
World War II,World War II - 1941,1941,740,Japan,200,United Kingdom,0,0.002054453,TRUE
World War II,World War II - 1941,1941,740,Japan,210,Netherlands,0,0.000275593,TRUE
World War II,World War II - 1941,1941,740,Japan,360,Romania,0,2.55E-05,TRUE
World War II,World War II - 1941,1941,740,Japan,355,Bulgaria,0,8.25E-06,TRUE
World War II,World War II - 1941,1941,740,Japan,350,Greece,0,5.78E-05,TRUE
World War II,World War II - 1941,1941,740,Japan,140,Brazil,0,0.01472783,TRUE
World War II,World War II - 1941,1941,740,Japan,325,Italy,0,0.000239601,TRUE
World War II,World War II - 1941,1941,740,Japan,900,Australia,0,0.016048186,TRUE
World War II,World War II - 1941,1941,740,Japan,920,New Zealand,0,0.000453713,FALSE
World War II,World War II - 1941,1941,740,Japan,365,USSR,0,0,TRUE
World War II,World War II - 1941,1941,740,Japan,290,Poland,0,0,TRUE
World War II,World War II - 1941,1941,740,Japan,220,France,0,0.002615222,TRUE
World War II,World War II - 1941,1941,740,Japan,712,Mongolia,0,0,FALSE
World War II,World War II - 1941,1941,740,Japan,710,China,0,0.302922228,TRUE
World War II,World War II - 1941,1941,740,Japan,560,South Africa,0,0.006270416,FALSE
World War II,World War II - 1941,1941,740,Japan,530,Ethiopia,0,0,FALSE
World War II,World War II - 1945,1945,712,Mongolia,310,Hungary,0,0,FALSE
World War II,World War II - 1945,1945,712,Mongolia,220,France,0,0,FALSE
World War II,World War II - 1945,1945,712,Mongolia,375,Finland,0,0,FALSE
World War II,World War II - 1945,1945,712,Mongolia,325,Italy,0,0,FALSE
World War II,World War II - 1945,1945,712,Mongolia,360,Romania,0,0,FALSE
World War II,World War II - 1945,1945,712,Mongolia,355,Bulgaria,0,0,FALSE
World War II,World War II - 1945,1945,712,Mongolia,255,Germany,0,0,FALSE
World War II,World War II - 1945,1945,712,Mongolia,740,Japan,0,0,FALSE
World War II,World War II - 1941,1941,710,China,310,Hungary,0,0.001185485,FALSE
World War II,World War II - 1941,1941,710,China,220,France,0,0,TRUE
World War II,World War II - 1941,1941,710,China,375,Finland,0,0.001706121,TRUE
World War II,World War II - 1941,1941,710,China,325,Italy,0,0.014217673,TRUE
World War II,World War II - 1941,1941,710,China,360,Romania,0,0,TRUE
World War II,World War II - 1941,1941,710,China,355,Bulgaria,0,0,FALSE
World War II,World War II - 1941,1941,710,China,255,Germany,0,0,TRUE
World War II,World War II - 1941,1941,710,China,740,Japan,0,0,TRUE
World War II,World War II - 1939,1939,560,South Africa,310,Hungary,0,0.001427837,FALSE
World War II,World War II - 1939,1939,560,South Africa,220,France,0,0.024081096,FALSE
World War II,World War II - 1939,1939,560,South Africa,375,Finland,0,0.005051423,FALSE
World War II,World War II - 1939,1939,560,South Africa,325,Italy,0,0.011998628,TRUE
World War II,World War II - 1939,1939,560,South Africa,360,Romania,0,0,FALSE
World War II,World War II - 1939,1939,560,South Africa,355,Bulgaria,0,0,FALSE
World War II,World War II - 1939,1939,560,South Africa,255,Germany,0,0.024526124,TRUE
World War II,World War II - 1939,1939,560,South Africa,740,Japan,0,0.025037085,FALSE
World War II,World War II - 1941,1941,530,Ethiopia,310,Hungary,0,0,FALSE
World War II,World War II - 1941,1941,530,Ethiopia,220,France,0,0,TRUE
World War II,World War II - 1941,1941,530,Ethiopia,375,Finland,0,0.002668533,FALSE
World War II,World War II - 1941,1941,530,Ethiopia,325,Italy,0,0,TRUE
World War II,World War II - 1941,1941,530,Ethiopia,360,Romania,0,0,FALSE
World War II,World War II - 1941,1941,530,Ethiopia,355,Bulgaria,0,0,FALSE
World War II,World War II - 1941,1941,530,Ethiopia,255,Germany,0,0,TRUE
World War II,World War II - 1941,1941,530,Ethiopia,740,Japan,0,0,FALSE
Russo-Finnish,Russo-Finnish - 1939,1939,375,Finland,365,USSR,0,0.008177619,TRUE
Russo-Finnish,Russo-Finnish - 1939,1939,365,USSR,375,Finland,1,0.005432727,TRUE
Franco-Thai,Franco-Thai - 1940,1940,220,France,800,Thailand,0,4.15E-05,TRUE
Franco-Thai,Franco-Thai - 1940,1940,800,Thailand,220,France,1,0,TRUE
First Kashmir,First Kashmir - 1947,1947,750,India,770,Pakistan,1,0,FALSE
First Kashmir,First Kashmir - 1947,1947,770,Pakistan,750,India,0,0,FALSE
Arab-Israeli,Arab-Israeli - 1948,1948,666,Israel,651,Egypt,0,0,FALSE
Arab-Israeli,Arab-Israeli - 1948,1948,666,Israel,652,Syria,0,0,FALSE
Arab-Israeli,Arab-Israeli - 1948,1948,666,Israel,660,Lebanon,0,0,FALSE
Arab-Israeli,Arab-Israeli - 1948,1948,666,Israel,663,Jordan,0,0,FALSE
Arab-Israeli,Arab-Israeli - 1948,1948,666,Israel,645,Iraq,0,0,FALSE
Arab-Israeli,Arab-Israeli - 1948,1948,651,Egypt,666,Israel,0,0,FALSE
Arab-Israeli,Arab-Israeli - 1948,1948,652,Syria,666,Israel,0,0,FALSE
Arab-Israeli,Arab-Israeli - 1948,1948,660,Lebanon,666,Israel,0,0,FALSE
Arab-Israeli,Arab-Israeli - 1948,1948,663,Jordan,666,Israel,1,0,FALSE
Arab-Israeli,Arab-Israeli - 1948,1948,645,Iraq,666,Israel,0,0,FALSE
Korean,Korean - 1950,1950,710,China,211,Belgium,0,0.018059075,FALSE
Korean,Korean - 1950,1950,710,China,20,Canada,0,0.009734513,FALSE
Korean,Korean - 1950,1950,710,China,100,Colombia,0,0,FALSE
Korean,Korean - 1950,1950,710,China,200,United Kingdom,0,0.035575222,FALSE
Korean,Korean - 1950,1950,710,China,210,Netherlands,0,0.011327434,FALSE
Korean,Korean - 1950,1950,710,China,350,Greece,0,0,FALSE
Korean,Korean - 1950,1950,710,China,220,France,0,0.00761062,FALSE
Korean,Korean - 1950,1950,710,China,640,Turkey,0,0,FALSE
Korean,Korean - 1950,1950,710,China,840,Philippines,0,0.00099115,FALSE
Korean,Korean - 1950,1950,710,China,800,Thailand,0,0.023696121,FALSE
Korean,Korean - 1950,1950,710,China,530,Ethiopia,0,0.000176991,FALSE
Korean,Korean - 1950,1950,710,China,900,Australia,0,0.005964602,FALSE
Korean,Korean - 1950,1950,710,China,732,South Korea,0,0.011935484,FALSE
Korean,Korean - 1950,1950,710,China,2,United States of America,0,0.202654867,FALSE
Korean,Korean - 1951,1951,211,Belgium,710,China,0,0.00247895,FALSE
Korean,Korean - 1951,1951,211,Belgium,731,North Korea,0,0,FALSE
Korean,Korean - 1950,1950,20,Canada,710,China,0,0.001743265,FALSE
Korean,Korean - 1950,1950,20,Canada,731,North Korea,0,0,FALSE
Korean,Korean - 1951,1951,100,Colombia,710,China,0,0,FALSE
Korean,Korean - 1951,1951,100,Colombia,731,North Korea,0,0,FALSE
Korean,Korean - 1950,1950,200,United Kingdom,710,China,0,0.003068702,FALSE
Korean,Korean - 1950,1950,200,United Kingdom,731,North Korea,0,0,FALSE
Korean,Korean - 1951,1951,210,Netherlands,710,China,0,0.004028648,FALSE
Korean,Korean - 1951,1951,210,Netherlands,731,North Korea,0,0,FALSE
Korean,Korean - 1951,1951,350,Greece,710,China,0,0,FALSE
Korean,Korean - 1951,1951,350,Greece,731,North Korea,0,0,FALSE
Korean,Korean - 1951,1951,220,France,710,China,0,0.001150266,FALSE
Korean,Korean - 1951,1951,220,France,731,North Korea,0,0,FALSE
Korean,Korean - 1950,1950,640,Turkey,710,China,0,0,FALSE
Korean,Korean - 1950,1950,640,Turkey,731,North Korea,0,0,FALSE
Korean,Korean - 1950,1950,840,Philippines,710,China,0,0.001596579,FALSE
Korean,Korean - 1950,1950,840,Philippines,731,North Korea,0,0,FALSE
Korean,Korean - 1951,1951,800,Thailand,710,China,0,0.074074074,FALSE
Korean,Korean - 1951,1951,800,Thailand,731,North Korea,0,0,FALSE
Korean,Korean - 1950,1950,731,North Korea,211,Belgium,1,0,FALSE
Korean,Korean - 1950,1950,731,North Korea,20,Canada,1,0,FALSE
Korean,Korean - 1950,1950,731,North Korea,100,Colombia,1,0,FALSE
Korean,Korean - 1950,1950,731,North Korea,200,United Kingdom,1,0,FALSE
Korean,Korean - 1950,1950,731,North Korea,210,Netherlands,1,0,FALSE
Korean,Korean - 1950,1950,731,North Korea,350,Greece,1,0,FALSE
Korean,Korean - 1950,1950,731,North Korea,220,France,1,0,FALSE
Korean,Korean - 1950,1950,731,North Korea,640,Turkey,1,0,FALSE
Korean,Korean - 1950,1950,731,North Korea,840,Philippines,1,0,FALSE
Korean,Korean - 1950,1950,731,North Korea,800,Thailand,1,0,FALSE
Korean,Korean - 1950,1950,731,North Korea,530,Ethiopia,1,0,FALSE
Korean,Korean - 1950,1950,731,North Korea,900,Australia,1,0,FALSE
Korean,Korean - 1950,1950,731,North Korea,732,South Korea,1,0,FALSE
Korean,Korean - 1950,1950,731,North Korea,2,United States of America,1,0,FALSE
Korean,Korean - 1951,1951,530,Ethiopia,710,China,0,0.002398081,FALSE
Korean,Korean - 1951,1951,530,Ethiopia,731,North Korea,0,0,FALSE
Korean,Korean - 1950,1950,900,Australia,710,China,0,0.002154043,FALSE
Korean,Korean - 1950,1950,900,Australia,731,North Korea,0,0,FALSE
Korean,Korean - 1950,1950,732,South Korea,710,China,0,0.025517241,FALSE
Korean,Korean - 1950,1950,732,South Korea,731,North Korea,0,0,FALSE
Korean,Korean - 1950,1950,2,United States of America,710,China,0,0.011828512,FALSE
Korean,Korean - 1950,1950,2,United States of America,731,North Korea,0,0,FALSE
Off-shore Islands,Off-shore Islands - 1954,1954,710,China,713,Taiwan,1,0,FALSE
Off-shore Islands,Off-shore Islands - 1954,1954,713,Taiwan,710,China,0,0,FALSE
Sinai War,Sinai War - 1956,1956,220,France,651,Egypt,0,0.006573876,TRUE
Sinai War,Sinai War - 1956,1956,666,Israel,651,Egypt,1,0,FALSE
Sinai War,Sinai War - 1956,1956,651,Egypt,220,France,0,0.065374788,TRUE
Sinai War,Sinai War - 1956,1956,651,Egypt,666,Israel,0,0,FALSE
Sinai War,Sinai War - 1956,1956,651,Egypt,200,United Kingdom,0,0.088798979,TRUE
Sinai War,Sinai War - 1956,1956,200,United Kingdom,651,Egypt,0,0.004403379,TRUE
Soviet Invasion of Hungary,Soviet Invasion of Hungary - 1956,1956,310,Hungary,365,USSR,0,0.248218147,TRUE
Soviet Invasion of Hungary,Soviet Invasion of Hungary - 1956,1956,365,USSR,310,Hungary,1,0.033247549,TRUE
IfniWar,IfniWar - 1958,1958,220,France,600,Morocco,0,0.041386934,FALSE
IfniWar,IfniWar - 1957,1957,230,Spain,600,Morocco,0,0.008848207,FALSE
IfniWar,IfniWar - 1957,1957,600,Morocco,220,France,1,0.577948374,FALSE
IfniWar,IfniWar - 1957,1957,600,Morocco,230,Spain,1,0.016189812,FALSE
Taiwan Straits,Taiwan Straits - 1958,1958,710,China (PRC),713,Taiwan (ROC),1,0,FALSE
Taiwan Straits,Taiwan Straits - 1958,1958,713,Taiwan (ROC),710,China (PRC),0,0,FALSE
Assam,Assam - 1962,1962,750,India,710,China (PRC),0,0.000783636,TRUE
Assam,Assam - 1962,1962,710,China (PRC),750,India,1,0.001090226,TRUE
"Vietnam War, Phase 2","Vietnam War, Phase 2 - 1965",1965,2,United States of America,816,Vietnam,1,0.003278991,FALSE
"Vietnam War, Phase 2","Vietnam War, Phase 2 - 1970",1970,811,Cambodia,816,Vietnam,0,0.055301081,FALSE
"Vietnam War, Phase 2","Vietnam War, Phase 2 - 1965",1965,732,South Korea,816,Vietnam,0,0.023649728,FALSE
"Vietnam War, Phase 2","Vietnam War, Phase 2 - 1966",1966,840,Philippines,816,Vietnam,0,0.000724355,FALSE
"Vietnam War, Phase 2","Vietnam War, Phase 2 - 1965",1965,817,South Vietnam,816,Vietnam,0,0,FALSE
"Vietnam War, Phase 2","Vietnam War, Phase 2 - 1965",1965,816,Vietnam,2,United States of America,0,1.009692511,FALSE
"Vietnam War, Phase 2","Vietnam War, Phase 2 - 1965",1965,816,Vietnam,811,Cambodia,0,0.003673702,FALSE
"Vietnam War, Phase 2","Vietnam War, Phase 2 - 1965",1965,816,Vietnam,732,South Korea,0,0.090617978,FALSE
"Vietnam War, Phase 2","Vietnam War, Phase 2 - 1965",1965,816,Vietnam,840,Philippines,0,0,FALSE
"Vietnam War, Phase 2","Vietnam War, Phase 2 - 1965",1965,816,Vietnam,817,South Vietnam,0,0,FALSE
"Vietnam War, Phase 2","Vietnam War, Phase 2 - 1965",1965,816,Vietnam,800,Thailand,0,0.060616077,FALSE
"Vietnam War, Phase 2","Vietnam War, Phase 2 - 1965",1965,816,Vietnam,900,Australia,0,0.02877733,FALSE
"Vietnam War, Phase 2","Vietnam War, Phase 2 - 1967",1967,800,Thailand,816,Vietnam,0,0.006142365,FALSE
"Vietnam War, Phase 2","Vietnam War, Phase 2 - 1965",1965,900,Australia,816,Vietnam,0,0.000714639,FALSE
Second Kashmir,Second Kashmir - 1965,1965,750,India,770,Pakistan,0,0.010735919,TRUE
Second Kashmir,Second Kashmir - 1965,1965,770,Pakistan,750,India,1,0.030474113,TRUE
Six Day War,Six Day War - 1967,1967,666,Israel,651,Egypt,1,0,FALSE
Six Day War,Six Day War - 1967,1967,666,Israel,663,Jordan,1,0,FALSE
Six Day War,Six Day War - 1967,1967,666,Israel,652,Syria,1,0,FALSE
Six Day War,Six Day War - 1967,1967,651,Egypt,666,Israel,0,0,FALSE
Six Day War,Six Day War - 1967,1967,663,Jordan,666,Israel,0,0,FALSE
Six Day War,Six Day War - 1967,1967,652,Syria,666,Israel,0,0,FALSE
"Second Laotian, Phase 2","Second Laotian, Phase 2 - 1968",1968,2,United States of America,816,Vietnam,0,0.001347548,FALSE
"Second Laotian, Phase 2","Second Laotian, Phase 2 - 1970",1970,800,Thailand,816,Vietnam,0,0.005277702,FALSE
"Second Laotian, Phase 2","Second Laotian, Phase 2 - 1968",1968,812,Laos,816,Vietnam,0,3.35E-05,TRUE
"Second Laotian, Phase 2","Second Laotian, Phase 2 - 1968",1968,816,Vietnam,2,United States of America,1,1.019703282,FALSE
"Second Laotian, Phase 2","Second Laotian, Phase 2 - 1968",1968,816,Vietnam,800,Thailand,1,0.094134448,FALSE
"Second Laotian, Phase 2","Second Laotian, Phase 2 - 1968",1968,816,Vietnam,812,Laos,1,2.16E-05,TRUE
War of Attrition,War of Attrition - 1969,1969,651,Egypt,666,Israel,1,0,FALSE
War of Attrition,War of Attrition - 1969,1969,666,Israel,651,Egypt,0,0,FALSE
Football War,Football War - 1969,1969,91,Honduras,92,El Salvador,0,0.056263451,TRUE
Football War,Football War - 1969,1969,92,El Salvador,91,Honduras,1,0.048178366,TRUE
Communist Coalition,Communist Coalition - 1970,1970,816,Vietnam,2,United States of America,1,1.003141622,FALSE
Communist Coalition,Communist Coalition - 1970,1970,816,Vietnam,811,Cambodia,1,0.019246321,FALSE
Communist Coalition,Communist Coalition - 1970,1970,816,Vietnam,817,South Vietnam,1,0,FALSE
Communist Coalition,Communist Coalition - 1970,1970,2,United States of America,816,Vietnam,0,0.003002748,FALSE
Communist Coalition,Communist Coalition - 1970,1970,811,Cambodia,816,Vietnam,0,0.055301081,FALSE
Communist Coalition,Communist Coalition - 1970,1970,817,South Vietnam,816,Vietnam,0,0,FALSE
Bangladesh,Bangladesh - 1971,1971,750,India,770,Pakistan,0,7.52E-05,TRUE
Bangladesh,Bangladesh - 1971,1971,770,Pakistan,750,India,1,0.000215051,TRUE
Yom Kippur War,Yom Kippur War - 1973,1973,651,Egypt,666,Israel,1,0,FALSE
Yom Kippur War,Yom Kippur War - 1973,1973,670,Saudi Arabia,666,Israel,0,0,FALSE
Yom Kippur War,Yom Kippur War - 1973,1973,666,Israel,651,Egypt,0,0,FALSE
Yom Kippur War,Yom Kippur War - 1973,1973,666,Israel,670,Saudi Arabia,0,0,FALSE
Yom Kippur War,Yom Kippur War - 1973,1973,666,Israel,663,Jordan,0,0,FALSE
Yom Kippur War,Yom Kippur War - 1973,1973,666,Israel,652,Syria,0,0,FALSE
Yom Kippur War,Yom Kippur War - 1973,1973,666,Israel,645,Iraq,0,0,FALSE
Yom Kippur War,Yom Kippur War - 1973,1973,663,Jordan,666,Israel,0,0,FALSE
Yom Kippur War,Yom Kippur War - 1973,1973,652,Syria,666,Israel,1,0,FALSE
Yom Kippur War,Yom Kippur War - 1973,1973,645,Iraq,666,Israel,0,0,FALSE
Turco-Cypriot,Turco-Cypriot - 1974,1974,640,Turkey,352,Cyprus,1,0.001085757,TRUE
Turco-Cypriot,Turco-Cypriot - 1974,1974,352,Cyprus,640,Turkey,0,0.010148262,TRUE
War over Angola,War over Angola - 1975,1975,40,Cuba,560,South Africa,0,0,FALSE
War over Angola,War over Angola - 1975,1975,40,Cuba,490,Democratic Republic of the Congo,0,0,TRUE
War over Angola,War over Angola - 1975,1975,560,South Africa,40,Cuba,1,0,FALSE
War over Angola,War over Angola - 1975,1975,560,South Africa,540,Angola,1,0,FALSE
War over Angola,War over Angola - 1975,1975,490,Democratic Republic of the Congo,40,Cuba,0,0,TRUE
War over Angola,War over Angola - 1975,1975,490,Democratic Republic of the Congo,540,Angola,0,0.004784689,FALSE
War over Angola,War over Angola - 1975,1975,540,Angola,560,South Africa,0,0,FALSE
War over Angola,War over Angola - 1975,1975,540,Angola,490,Democratic Republic of the Congo,0,0,FALSE
"Second Ogaden War, Phase 2","Second Ogaden War, Phase 2 - 1977",1977,530,Ethiopia,520,Somalia,0,0.00838352,TRUE
"Second Ogaden War, Phase 2","Second Ogaden War, Phase 2 - 1977",1977,40,Cuba,520,Somalia,0,0,FALSE
"Second Ogaden War, Phase 2","Second Ogaden War, Phase 2 - 1977",1977,520,Somalia,530,Ethiopia,1,0.019825721,TRUE
"Second Ogaden War, Phase 2","Second Ogaden War, Phase 2 - 1977",1977,520,Somalia,40,Cuba,1,0,FALSE
Vietnamese-Cambodian,Vietnamese-Cambodian - 1977,1977,816,Vietnam,811,Cambodia,0,0.000237863,FALSE
Vietnamese-Cambodian,Vietnamese-Cambodian - 1977,1977,811,Cambodia,816,Vietnam,1,0.001085576,FALSE
Ugandian-Tanzanian,Ugandian-Tanzanian - 1978,1978,500,Uganda,510,Tanzania,1,0.00402426,FALSE
Ugandian-Tanzanian,Ugandian-Tanzanian - 1978,1978,510,Tanzania,500,Uganda,0,0.001256904,FALSE
Ugandian-Tanzanian,Ugandian-Tanzanian - 1978,1978,510,Tanzania,620,Libya,0,0,FALSE
Ugandian-Tanzanian,Ugandian-Tanzanian - 1979,1979,620,Libya,510,Tanzania,0,5.14E-07,FALSE
Sino-Vietnamese Punitive,Sino-Vietnamese Punitive - 1979,1979,710,China,816,Vietnam,1,0,TRUE
Sino-Vietnamese Punitive,Sino-Vietnamese Punitive - 1979,1979,816,Vietnam,710,China,0,0,TRUE
Iran-Iraq,Iran-Iraq - 1980,1980,645,Iraq,630,Iran,1,0.001401129,TRUE
Iran-Iraq,Iran-Iraq - 1980,1980,630,Iran,645,Iraq,0,0.000659009,TRUE
Falkland Islands,Falkland Islands - 1982,1982,200,United Kingdom,160,Argentina,0,0.000893585,TRUE
Falkland Islands,Falkland Islands - 1982,1982,160,Argentina,200,United Kingdom,1,0.013547131,TRUE
War over Lebanon,War over Lebanon - 1982,1982,666,Israel,652,Syria,1,0,FALSE
War over Lebanon,War over Lebanon - 1982,1982,652,Syria,666,Israel,0,0,FALSE
War over the Aouzou Strip,War over the Aouzou Strip - 1986,1986,483,Chad,620,Libya,1,0,TRUE
War over the Aouzou Strip,War over the Aouzou Strip - 1986,1986,620,Libya,483,Chad,0,0,TRUE
Sino-Vietnamese Border War,Sino-Vietnamese Border War - 1987,1987,816,Vietnam,710,China,0,0,TRUE
Sino-Vietnamese Border War,Sino-Vietnamese Border War - 1987,1987,710,China,816,Vietnam,1,0,TRUE
Gulf War,Gulf War - 1990,1990,690,Kuwait,645,Iraq,0,0.022063894,TRUE
Gulf War,Gulf War - 1991,1991,2,United States of America,645,Iraq,0,4.51E-07,TRUE
Gulf War,Gulf War - 1991,1991,20,Canada,645,Iraq,0,0.000559419,TRUE
Gulf War,Gulf War - 1991,1991,200,United Kingdom,645,Iraq,0,0.000943289,TRUE
Gulf War,Gulf War - 1991,1991,325,Italy,645,Iraq,0,4.90E-05,TRUE
Gulf War,Gulf War - 1991,1991,600,Morocco,645,Iraq,0,0,TRUE
Gulf War,Gulf War - 1990,1990,645,Iraq,690,Kuwait,1,0.016247228,TRUE
Gulf War,Gulf War - 1990,1990,645,Iraq,2,United States of America,1,0.234630042,TRUE
Gulf War,Gulf War - 1990,1990,645,Iraq,20,Canada,1,0.017160208,TRUE
Gulf War,Gulf War - 1990,1990,645,Iraq,200,United Kingdom,1,0.043260504,TRUE
Gulf War,Gulf War - 1990,1990,645,Iraq,325,Italy,1,0.038301767,TRUE
Gulf War,Gulf War - 1990,1990,645,Iraq,600,Morocco,1,0.013916536,TRUE
Gulf War,Gulf War - 1990,1990,645,Iraq,651,Egypt,1,0.002484734,TRUE
Gulf War,Gulf War - 1990,1990,645,Iraq,698,Oman,1,0.006747219,TRUE
Gulf War,Gulf War - 1990,1990,645,Iraq,220,France,1,0.05778189,TRUE
Gulf War,Gulf War - 1990,1990,645,Iraq,696,United Arab Emirates,1,0.005270573,TRUE
Gulf War,Gulf War - 1990,1990,645,Iraq,694,Qatar,1,0,TRUE
Gulf War,Gulf War - 1990,1990,645,Iraq,670,Saudi Arabia,1,0.00961833,TRUE
Gulf War,Gulf War - 1990,1990,645,Iraq,652,Syria,1,0,FALSE
Gulf War,Gulf War - 1991,1991,651,Egypt,645,Iraq,0,0.00036122,TRUE
Gulf War,Gulf War - 1991,1991,698,Oman,645,Iraq,0,0,TRUE
Gulf War,Gulf War - 1991,1991,220,France,645,Iraq,0,4.69E-05,TRUE
Gulf War,Gulf War - 1991,1991,696,United Arab Emirates,645,Iraq,0,0,TRUE
Gulf War,Gulf War - 1991,1991,694,Qatar,645,Iraq,0,0,TRUE
Gulf War,Gulf War - 1991,1991,670,Saudi Arabia,645,Iraq,0,2.65E-06,TRUE
Gulf War,Gulf War - 1991,1991,652,Syria,645,Iraq,0,4.23E-06,FALSE
Bosnian Independence,Bosnian Independence - 1992,1992,344,Croatia,345,Yugoslavia,0,0,FALSE
Bosnian Independence,Bosnian Independence - 1992,1992,346,Bosnia,345,Yugoslavia,0,0,FALSE
Bosnian Independence,Bosnian Independence - 1992,1992,345,Yugoslavia,344,Croatia,1,0,FALSE
Bosnian Independence,Bosnian Independence - 1992,1992,345,Yugoslavia,346,Bosnia,1,0,FALSE
Azeri-Armenian,Azeri-Armenian - 1993,1993,373,Azerbaijan,371,Armenia,0,2.96E-05,FALSE
Azeri-Armenian,Azeri-Armenian - 1993,1993,371,Armenia,373,Azerbaijan,1,0.000112154,FALSE
Cenepa Valley,Cenepa Valley - 1995,1995,130,Ecuador,135,Peru,1,0.014801439,TRUE
Cenepa Valley,Cenepa Valley - 1995,1995,135,Peru,130,Ecuador,0,0.009167331,TRUE
Badme Border,Badme Border - 1998,1998,531,Eritrea,530,Ethiopia,1,0,TRUE
Badme Border,Badme Border - 1998,1998,530,Ethiopia,531,Eritrea,0,0,TRUE
War for Kosovo,War for Kosovo - 1999,1999,640,Turkey,345,Yugoslavia,1,0.004352236,TRUE
War for Kosovo,War for Kosovo - 1999,1999,325,Italy,345,Yugoslavia,1,0.015282573,TRUE
War for Kosovo,War for Kosovo - 1999,1999,200,United Kingdom,345,Yugoslavia,1,0.00110204,TRUE
War for Kosovo,War for Kosovo - 1999,1999,2,United States of America,345,Yugoslavia,1,0.000836211,TRUE
War for Kosovo,War for Kosovo - 1999,1999,210,Netherlands,345,Yugoslavia,1,0.002201894,TRUE
War for Kosovo,War for Kosovo - 1999,1999,220,France,345,Yugoslavia,1,0.003559965,TRUE
War for Kosovo,War for Kosovo - 1999,1999,345,Yugoslavia,640,Turkey,0,0.007276286,TRUE
War for Kosovo,War for Kosovo - 1999,1999,345,Yugoslavia,325,Italy,0,0.238764595,TRUE
War for Kosovo,War for Kosovo - 1999,1999,345,Yugoslavia,200,United Kingdom,0,0.0194591,TRUE
War for Kosovo,War for Kosovo - 1999,1999,345,Yugoslavia,2,United States of America,0,0.035875606,TRUE
War for Kosovo,War for Kosovo - 1999,1999,345,Yugoslavia,210,Netherlands,0,0.025358128,TRUE
War for Kosovo,War for Kosovo - 1999,1999,345,Yugoslavia,220,France,0,0.072783065,TRUE
War for Kosovo,War for Kosovo - 1999,1999,345,Yugoslavia,255,Germany,0,0.307921363,TRUE
War for Kosovo,War for Kosovo - 1999,1999,255,Germany,345,Yugoslavia,1,0.008655761,TRUE
Kargil War,Kargil War - 1999,1999,750,India,770,Pakistan,0,0.002849751,TRUE
Kargil War,Kargil War - 1999,1999,770,Pakistan,750,India,1,0.0127457,TRUE
Invasion of Afghanistan,Invasion of Afghanistan - 2001,2001,20,Canada,700,Afghanistan,0,8.08E-07,FALSE
Invasion of Afghanistan,Invasion of Afghanistan - 2001,2001,220,France,700,Afghanistan,0,8.66E-06,TRUE
Invasion of Afghanistan,Invasion of Afghanistan - 2001,2001,200,United Kingdom,700,Afghanistan,1,1.16E-05,TRUE
Invasion of Afghanistan,Invasion of Afghanistan - 2001,2001,2,United States of America,700,Afghanistan,1,2.82E-05,TRUE
Invasion of Afghanistan,Invasion of Afghanistan - 2001,2001,900,Australia,700,Afghanistan,0,3.34E-06,FALSE
Invasion of Afghanistan,Invasion of Afghanistan - 2001,2001,700,Afghanistan,20,Canada,0,0.000636944,FALSE
Invasion of Afghanistan,Invasion of Afghanistan - 2001,2001,700,Afghanistan,220,France,0,0.008811933,TRUE
Invasion of Afghanistan,Invasion of Afghanistan - 2001,2001,700,Afghanistan,200,United Kingdom,0,0.010737417,TRUE
Invasion of Afghanistan,Invasion of Afghanistan - 2001,2001,700,Afghanistan,2,United States of America,0,0.084101652,TRUE
Invasion of Afghanistan,Invasion of Afghanistan - 2001,2001,700,Afghanistan,900,Australia,0,0.000679554,FALSE
Invasion of Iraq,Invasion of Iraq - 2003,2003,900,Australia,645,Iraq,1,0.002456976,TRUE
Invasion of Iraq,Invasion of Iraq - 2003,2003,200,United Kingdom,645,Iraq,1,0.000344998,FALSE
Invasion of Iraq,Invasion of Iraq - 2003,2003,2,United States of America,645,Iraq,1,0.002592406,FALSE
Invasion of Iraq,Invasion of Iraq - 2003,2003,645,Iraq,900,Australia,0,0.031715591,TRUE
Invasion of Iraq,Invasion of Iraq - 2003,2003,645,Iraq,200,United Kingdom,0,0.018712746,FALSE
Invasion of Iraq,Invasion of Iraq - 2003,2003,645,Iraq,2,United States of America,0,0.413748338,FALSE
