WarName,Year,Ccode1,Player1,Ccode2,Player2,Initiator,TradePercent,Religion1,Religion2,Diplomatic,,ccode,player,religion
Franco-Spanish War,1823,230,Spain,220,France,0,0,Christianity,Christianity,TRUE,,230,Spain,Christianity
Franco-Spanish War,1823,220,France,230,Spain,1,0,Christianity,Christianity,TRUE,,220,France,Christianity
First Russo-Turkish,1828,640,Ottoman Empire,365,Russia,0,0,Islam,Non,TRUE,,640,Ottoman Empire,Islam
First Russo-Turkish,1828,365,Russia,640,Ottoman Empire,1,0,Non,Islam,TRUE,,365,Russia,Non
Mexican-American,1846,70,Mexico,2,United States of America,0,0,Christianity,Christianity,TRUE,,70,Mexico,Christianity
Mexican-American,1846,2,United States of America,70,Mexico,1,0,Christianity,Christianity,TRUE,,2,United States of America,Christianity
Austro-Sardinian,1848,337,Tuscany,300,Austria,0,0,Unknown,Unknown,TRUE,,337,Tuscany,Unknown
Austro-Sardinian,1848,325,Italy,300,Austria,1,0,Christianity,Unknown,TRUE,,325,Italy,Christianity
Austro-Sardinian,1848,300,Austria,337,Tuscany,0,0,Unknown,Unknown,TRUE,,300,Austria,Unknown
Austro-Sardinian,1848,300,Austria,325,Italy,0,0,Unknown,Christianity,TRUE,,332,Modena,Unknown
Austro-Sardinian,1848,300,Austria,332,Modena,0,0,Unknown,Unknown,TRUE,,255,Prussia,Christianity
Austro-Sardinian,1848,332,Modena,300,Austria,0,0,Unknown,Unknown,TRUE,,390,Denmark,Christianity
First Schleswig-Holstein,1848,255,Prussia,390,Denmark,1,0,Christianity,Christianity,TRUE,,329,Two Sicilies,Unknown
First Schleswig-Holstein,1848,390,Denmark,255,Prussia,0,0,Christianity,Christianity,TRUE,,327,Papal States,Unknown
Roman Republic,1849,220,France,327,Papal States,1,0,Christianity,Unknown,TRUE,,160,Argentina,Christianity
Roman Republic,1849,329,Two Sicilies,327,Papal States,0,0,Unknown,Unknown,FALSE,,140,Brazil,Christianity
Roman Republic,1849,300,Austria,327,Papal States,0,0,Unknown,Unknown,TRUE,,200,United Kingdom,Christianity
Roman Republic,1849,327,Papal States,220,France,0,0,Unknown,Christianity,TRUE,,630,Iran,Islam
Roman Republic,1849,327,Papal States,329,Two Sicilies,0,0,Unknown,Unknown,FALSE,,600,Morocco,Islam
Roman Republic,1849,327,Papal States,300,Austria,0,0,Unknown,Unknown,TRUE,,100,Colombia,Christianity
La Plata,1851,160,Argentina,140,Brazil,0,0,Christianity,Christianity,TRUE,,130,Ecuador,Christianity
La Plata,1851,140,Brazil,160,Argentina,1,0,Christianity,Christianity,TRUE,,150,Paraguay,Christianity
Crimean,1853,640,Turkey,365,Russia,1,0,Islam,Non,TRUE,,155,Chile,Christianity
Crimean,1855,325,Italy,365,Russia,0,0,Christianity,Non,TRUE,,135,Peru,Christianity
Crimean,1854,220,France,365,Russia,0,0,Christianity,Non,TRUE,,275,Hesse Grand Ducal,Unknown
Crimean,1854,200,United Kingdom,365,Russia,0,0,Christianity,Non,TRUE,,271,Wuerttemburg,Unknown
Crimean,1853,365,Russia,640,Turkey,0,0,Non,Islam,TRUE,,245,Bavaria,Unknown
Crimean,1853,365,Russia,325,Italy,0,0,Non,Christianity,TRUE,,280,Mecklenburg Schwerin,Unknown
Crimean,1853,365,Russia,220,France,0,0,Non,Christianity,TRUE,,273,Hesse Electoral,Unknown
Crimean,1853,365,Russia,200,United Kingdom,0,0,Non,Christianity,TRUE,,269,Saxony,Unknown
Anglo-Persian,1856,200,United Kingdom,630,Iran,1,0,Christianity,Islam,FALSE,,267,Baden,Unknown
Anglo-Persian,1856,630,Iran,200,United Kingdom,0,0,Islam,Christianity,FALSE,,240,Hanover,Unknown
Italian Unification,1859,325,Sardinia/Piedmont,300,Austria,0,0,Christianity,Unknown,TRUE,,90,Guatemala,Christianity
Italian Unification,1859,300,Austria,325,Sardinia/Piedmont,1,0,Unknown,Christianity,TRUE,,92,El Salvador,Christianity
Italian Unification,1859,300,Austria,220,France,1,0,Unknown,Christianity,TRUE,,145,Bolivia,Christianity
Italian Unification,1859,220,France,300,Austria,0,0,Christianity,Unknown,TRUE,,651,Egypt,Islam
First Spanish-Moroccan,1859,600,Morocco,230,Spain,0,0,Islam,Christianity,FALSE,,710,China,Syncretic
First Spanish-Moroccan,1859,230,Spain,600,Morocco,1,0,Christianity,Islam,FALSE,,740,Japan,Shinto
Italian-Roman,1860,325,Sardinia/Piedmont,327,Papal States,1,0,Christianity,Unknown,TRUE,,350,Greece,Christianity
Italian-Roman,1860,327,Papal States,325,Sardinia/Piedmont,0,0,Unknown,Christianity,TRUE,,91,Honduras,Christianity
Neapolitan,1860,329,Two Sicilies,325,Sardinia/Piedmont,0,0,Unknown,Christianity,TRUE,,93,Nicaragua,Christianity
Neapolitan,1860,325,Sardinia/Piedmont,329,Two Sicilies,1,0,Christianity,Unknown,TRUE,,355,Bulgaria,Christianity
Franco-Mexican,1862,70,Mexico,220,France,0,0,Christianity,Christianity,TRUE,,345,Yugoslavia,Christianity
Franco-Mexican,1862,220,France,70,Mexico,1,0,Christianity,Christianity,TRUE,,360,Romania,Christianity
Ecuadorian-Colombian,1863,100,Colombia,130,Ecuador,1,0,Christianity,Christianity,FALSE,,235,Portugal,Christianity
Ecuadorian-Colombian,1863,130,Ecuador,100,Colombia,0,0,Christianity,Christianity,FALSE,,211,Belgium,Christianity
Second Schleswig-Holstein,1864,255,Germany,390,Denmark,1,0,Christianity,Christianity,TRUE,,366,Estonia,Non
Second Schleswig-Holstein,1864,390,Denmark,255,Germany,0,0,Christianity,Christianity,TRUE,,375,Finland,Christianity
Second Schleswig-Holstein,1864,390,Denmark,300,Austria,0,0,Christianity,Unknown,TRUE,,367,Latvia,Christianity
Second Schleswig-Holstein,1864,300,Austria,390,Denmark,0,0,Unknown,Christianity,TRUE,,290,Poland,Christianity
Lopez,1865,160,Argentina,150,Paraguay,0,0,Christianity,Christianity,FALSE,,310,Hungary,Christianity
Lopez,1864,150,Paraguay,160,Argentina,1,0,Christianity,Christianity,FALSE,,315,Czechoslovakia,Christianity
Lopez,1864,150,Paraguay,140,Brazil,1,0,Christianity,Christianity,FALSE,,368,Lithuania,Christianity
Lopez,1864,140,Brazil,150,Paraguay,0,0,Christianity,Christianity,FALSE,,670,Saudi Arabia,Islam
Naval War,1865,155,Chile,230,Spain,0,0,Christianity,Christianity,TRUE,,678,Yemen Arab Republic,Islam
Naval War,1866,135,Peru,230,Spain,0,0,Christianity,Christianity,FALSE,,530,Ethiopia,Christianity
Naval War,1865,230,Spain,155,Chile,1,0,Christianity,Christianity,TRUE,,712,Mongolia,Non
Naval War,1865,230,Spain,135,Peru,1,0,Christianity,Christianity,FALSE,,385,Norway,Christianity
Seven Weeks,1866,325,Italy,275,Hesse Grand Ducal,0,0,Christianity,Unknown,FALSE,,20,Canada,Christianity
Seven Weeks,1866,325,Italy,271,Wuerttemburg,0,0,Christianity,Unknown,FALSE,,210,Netherlands,Christianity
Seven Weeks,1866,325,Italy,245,Bavaria,0,0,Christianity,Unknown,TRUE,,900,Australia,Christianity
Seven Weeks,1866,325,Italy,300,Austria,0,0,Christianity,Unknown,TRUE,,920,New Zealand,Christianity
Seven Weeks,1866,325,Italy,273,Hesse Electoral,0,0,Christianity,Unknown,FALSE,,560,South Africa,Christianity
Seven Weeks,1866,325,Italy,269,Saxony,0,0,Christianity,Unknown,TRUE,,800,Thailand,Buddhism
Seven Weeks,1866,325,Italy,267,Baden,0,0,Christianity,Unknown,FALSE,,750,India,Hindu
Seven Weeks,1866,325,Italy,240,Hanover,0,0,Christianity,Unknown,FALSE,,770,Pakistan,Islam
Seven Weeks,1866,275,Hesse Grand Ducal,325,Italy,0,0,Unknown,Christianity,FALSE,,666,Israel,Judaism
Seven Weeks,1866,275,Hesse Grand Ducal,255,Germany,0,0,Unknown,Christianity,TRUE,,652,Syria,Islam
Seven Weeks,1866,275,Hesse Grand Ducal,280,Mecklenburg Schwerin,0,0,Unknown,Unknown,FALSE,,660,Lebanon,Christianity
Seven Weeks,1866,271,Wuerttemburg,325,Italy,0,0,Unknown,Christianity,FALSE,,663,Jordan,Islam
Seven Weeks,1866,271,Wuerttemburg,255,Germany,0,0,Unknown,Christianity,TRUE,,645,Iraq,Islam
Seven Weeks,1866,271,Wuerttemburg,280,Mecklenburg Schwerin,0,0,Unknown,Unknown,FALSE,,840,Philippines,Christianity
Seven Weeks,1866,245,Bavaria,325,Italy,0,0,Unknown,Christianity,TRUE,,731,North Korea,Non
Seven Weeks,1866,245,Bavaria,255,Germany,0,0,Unknown,Christianity,TRUE,,732,South Korea,Animist
Seven Weeks,1866,245,Bavaria,280,Mecklenburg Schwerin,0,0,Unknown,Unknown,FALSE,,713,Taiwan,Syncretic
Seven Weeks,1866,300,Austria,325,Italy,0,0,Unknown,Christianity,TRUE,,811,Cambodia,Buddhism
Seven Weeks,1866,300,Austria,255,Germany,0,0,Unknown,Christianity,TRUE,,817,South Vietnam,Buddhism
Seven Weeks,1866,300,Austria,280,Mecklenburg Schwerin,0,0,Unknown,Unknown,TRUE,,816,Vietnam,Non
Seven Weeks,1866,255,Germany,275,Hesse Grand Ducal,1,0,Christianity,Unknown,TRUE,,812,Laos,Buddhism
Seven Weeks,1866,255,Germany,271,Wuerttemburg,1,0,Christianity,Unknown,TRUE,,352,Cyprus,Christianity
Seven Weeks,1866,255,Germany,245,Bavaria,1,0,Christianity,Unknown,TRUE,,40,Cuba,Christianity
Seven Weeks,1866,255,Germany,300,Austria,1,0,Christianity,Unknown,TRUE,,490,Democratic Republic of the Congo,Christianity
Seven Weeks,1866,255,Germany,273,Hesse Electoral,1,0,Christianity,Unknown,TRUE,,540,Angola,Christianity
Seven Weeks,1866,255,Germany,269,Saxony,1,0,Christianity,Unknown,TRUE,,520,Somalia,Islam
Seven Weeks,1866,255,Germany,267,Baden,1,0,Christianity,Unknown,TRUE,,500,Uganda,Christianity
Seven Weeks,1866,255,Germany,240,Hanover,1,0,Christianity,Unknown,TRUE,,510,Tanzania,Christianity
Seven Weeks,1866,280,Mecklenburg Schwerin,275,Hesse Grand Ducal,0,0,Unknown,Unknown,FALSE,,620,Libya,Islam
Seven Weeks,1866,280,Mecklenburg Schwerin,271,Wuerttemburg,0,0,Unknown,Unknown,FALSE,,483,Chad,Islam
Seven Weeks,1866,280,Mecklenburg Schwerin,245,Bavaria,0,0,Unknown,Unknown,FALSE,,690,Kuwait,Islam
Seven Weeks,1866,280,Mecklenburg Schwerin,300,Austria,0,0,Unknown,Unknown,TRUE,,698,Oman,Islam
Seven Weeks,1866,280,Mecklenburg Schwerin,273,Hesse Electoral,0,0,Unknown,Unknown,FALSE,,696,United Arab Emirates,Islam
Seven Weeks,1866,280,Mecklenburg Schwerin,269,Saxony,0,0,Unknown,Unknown,FALSE,,694,Qatar,Islam
Seven Weeks,1866,280,Mecklenburg Schwerin,267,Baden,0,0,Unknown,Unknown,FALSE,,344,Croatia,Christianity
Seven Weeks,1866,280,Mecklenburg Schwerin,240,Hanover,0,0,Unknown,Unknown,FALSE,,346,Bosnia,Christianity
Seven Weeks,1866,273,Hesse Electoral,325,Italy,0,0,Unknown,Christianity,FALSE,,373,Azerbaijan,Islam
Seven Weeks,1866,273,Hesse Electoral,255,Germany,0,0,Unknown,Christianity,TRUE,,371,Armenia,Christianity
Seven Weeks,1866,273,Hesse Electoral,280,Mecklenburg Schwerin,0,0,Unknown,Unknown,FALSE,,531,Eritrea,Christianity
Seven Weeks,1866,269,Saxony,325,Italy,0,0,Unknown,Christianity,TRUE,,700,Afghanistan,Islam
Seven Weeks,1866,269,Saxony,255,Germany,0,0,Unknown,Christianity,TRUE,,,,
Seven Weeks,1866,269,Saxony,280,Mecklenburg Schwerin,0,0,Unknown,Unknown,FALSE,,,,
Seven Weeks,1866,267,Baden,325,Italy,0,0,Unknown,Christianity,FALSE,,,,
Seven Weeks,1866,267,Baden,255,Germany,0,0,Unknown,Christianity,TRUE,,,,
Seven Weeks,1866,267,Baden,280,Mecklenburg Schwerin,0,0,Unknown,Unknown,FALSE,,,,
Seven Weeks,1866,240,Hanover,325,Italy,0,0,Unknown,Christianity,FALSE,,,,
Seven Weeks,1866,240,Hanover,255,Germany,0,0,Unknown,Christianity,TRUE,,,,
Seven Weeks,1866,240,Hanover,280,Mecklenburg Schwerin,0,0,Unknown,Unknown,FALSE,,,,
Franco-Prussian,1870,271,Wuerttemburg,220,France,0,0,Unknown,Christianity,TRUE,,,,
Franco-Prussian,1870,267,Baden,220,France,0,0,Unknown,Christianity,TRUE,,,,
Franco-Prussian,1870,255,Germany,220,France,0,0.041936588,Christianity,Christianity,TRUE,,,,
Franco-Prussian,1870,245,Bavaria,220,France,0,0,Unknown,Christianity,TRUE,,,,
Franco-Prussian,1870,220,France,271,Wuerttemburg,1,0,Christianity,Unknown,TRUE,,,,
Franco-Prussian,1870,220,France,267,Baden,1,0,Christianity,Unknown,TRUE,,,,
Franco-Prussian,1870,220,France,255,Germany,1,0.036508872,Christianity,Christianity,TRUE,,,,
Franco-Prussian,1870,220,France,245,Bavaria,1,0,Christianity,Unknown,TRUE,,,,
First Central American,1876,90,Guatemala,92,El Salvador,1,0,Christianity,Christianity,FALSE,,,,
First Central American,1876,92,El Salvador,90,Guatemala,0,0,Christianity,Christianity,FALSE,,,,
Second Russo-Turkish,1877,640,Turkey,365,Russia,0,0.040631579,Islam,Non,TRUE,,,,
Second Russo-Turkish,1877,365,Russia,640,Turkey,1,0.009552406,Non,Islam,TRUE,,,,
War of the Pacific,1879,155,Chile,135,Peru,1,0,Christianity,Christianity,TRUE,,,,
War of the Pacific,1879,155,Chile,145,Bolivia,1,0,Christianity,Christianity,TRUE,,,,
War of the Pacific,1879,135,Peru,155,Chile,0,0,Christianity,Christianity,TRUE,,,,
War of the Pacific,1879,145,Bolivia,155,Chile,0,0,Christianity,Christianity,TRUE,,,,
Conquest of Egypt,1882,651,Egypt,200,United Kingdom,0,0,Islam,Christianity,FALSE,,,,
Conquest of Egypt,1882,200,United Kingdom,651,Egypt,1,0,Christianity,Islam,FALSE,,,,
Sino-French,1884,220,France,710,China,1,0.012008809,Christianity,Syncretic,TRUE,,,,
Sino-French,1884,710,China,220,France,0,0.092630696,Syncretic,Christianity,TRUE,,,,
Second Central American,1885,92,El Salvador,90,Guatemala,0,0,Christianity,Christianity,TRUE,,,,
Second Central American,1885,90,Guatemala,92,El Salvador,1,0,Christianity,Christianity,TRUE,,,,
First Sino-Japanese,1894,710,China,740,Japan,0,0.12361035,Syncretic,Shinto,TRUE,,,,
First Sino-Japanese,1894,740,Japan,710,China,1,0.185829066,Shinto,Syncretic,TRUE,,,,
Greco-Turkish,1897,350,Greece,640,Turkey,1,0.083675761,Christianity,Islam,TRUE,,,,
Greco-Turkish,1897,640,Turkey,350,Greece,0,0.018410527,Islam,Christianity,TRUE,,,,
Spanish-American,1898,230,Spain,2,United States of America,0,0.115108056,Christianity,Christianity,TRUE,,,,
Spanish-American,1898,2,United States of America,230,Spain,1,0.011226073,Christianity,Christianity,TRUE,,,,
Boxer Rebellion,1900,365,Russia,710,China,1,0.016084449,Non,Syncretic,TRUE,,,,
Boxer Rebellion,1900,740,Japan,710,China,1,0.132947036,Shinto,Syncretic,TRUE,,,,
Boxer Rebellion,1900,2,United States of America,710,China,1,0.012515162,Christianity,Syncretic,TRUE,,,,
Boxer Rebellion,1900,710,China,365,Russia,0,0.045016752,Syncretic,Non,TRUE,,,,
Boxer Rebellion,1900,710,China,740,Japan,0,0.121650268,Syncretic,Shinto,TRUE,,,,
Boxer Rebellion,1900,710,China,2,United States of America,0,0.103505937,Syncretic,Christianity,TRUE,,,,
Boxer Rebellion,1900,710,China,200,United Kingdom,0,0.138454592,Syncretic,Christianity,TRUE,,,,
Boxer Rebellion,1900,710,China,220,France,0,0.064070796,Syncretic,Christianity,TRUE,,,,
Boxer Rebellion,1900,200,United Kingdom,710,China,1,0.012513912,Christianity,Syncretic,TRUE,,,,
Boxer Rebellion,1900,220,France,710,China,1,0.009146496,Christianity,Syncretic,TRUE,,,,
Sino-Russian,1900,365,Russia,710,China,1,0.016084449,Non,Syncretic,TRUE,,,,
Sino-Russian,1900,710,China,365,Russia,0,0.045016752,Syncretic,Non,TRUE,,,,
Russo-Japanese,1904,740,Japan,365,Russia,1,0.002826864,Shinto,Non,TRUE,,,,
Russo-Japanese,1904,365,Russia,740,Japan,0,0.00120688,Non,Shinto,TRUE,,,,
Third Central American,1906,91,Honduras,90,Guatemala,0,0,Christianity,Christianity,FALSE,,,,
Third Central American,1906,92,El Salvador,90,Guatemala,0,0,Christianity,Christianity,TRUE,,,,
Third Central American,1906,90,Guatemala,91,Honduras,1,0,Christianity,Christianity,FALSE,,,,
Third Central American,1906,90,Guatemala,92,El Salvador,1,0,Christianity,Christianity,TRUE,,,,
Fourth Central American,1907,93,Nicaragua,92,El Salvador,1,0,Christianity,Christianity,FALSE,,,,
Fourth Central American,1907,93,Nicaragua,91,Honduras,1,0,Christianity,Christianity,FALSE,,,,
Fourth Central American,1907,92,El Salvador,93,Nicaragua,0,0,Christianity,Christianity,FALSE,,,,
Fourth Central American,1907,91,Honduras,93,Nicaragua,0,0,Christianity,Christianity,FALSE,,,,
Second Spanish-Moroccan,1909,230,Spain,600,Morocco,1,0.007613383,Christianity,Islam,TRUE,,,,
Second Spanish-Moroccan,1909,600,Morocco,230,Spain,0,0.133069301,Islam,Christianity,TRUE,,,,
Italian-Turkish,1911,325,Italy,640,Turkey,1,0.030452835,Christianity,Islam,TRUE,,,,
Italian-Turkish,1911,640,Turkey,325,Italy,0,0.096656963,Islam,Christianity,TRUE,,,,
First Balkan,1912,640,Turkey,350,Greece,0,0.008526707,Islam,Christianity,TRUE,,,,
First Balkan,1912,640,Turkey,355,Bulgaria,0,0.01833242,Islam,Christianity,TRUE,,,,
First Balkan,1912,640,Turkey,345,Yugoslavia,0,0.008784318,Islam,Christianity,TRUE,,,,
First Balkan,1912,350,Greece,640,Turkey,0,0.047157895,Christianity,Islam,TRUE,,,,
First Balkan,1912,355,Bulgaria,640,Turkey,0,0.082713823,Christianity,Islam,TRUE,,,,
First Balkan,1912,345,Yugoslavia,640,Turkey,1,0.065893964,Christianity,Islam,TRUE,,,,
Second Balkan,1913,640,Turkey,355,Bulgaria,0,0.00680625,Islam,Christianity,TRUE,,,,
Second Balkan,1913,345,Yugoslavia,355,Bulgaria,0,0.011856842,Christianity,Christianity,TRUE,,,,
Second Balkan,1913,350,Greece,355,Bulgaria,0,0.015660383,Christianity,Christianity,FALSE,,,,
Second Balkan,1913,355,Bulgaria,640,Turkey,1,0.027822797,Christianity,Islam,TRUE,,,,
Second Balkan,1913,355,Bulgaria,345,Yugoslavia,1,0.006045529,Christianity,Christianity,TRUE,,,,
Second Balkan,1913,355,Bulgaria,350,Greece,1,0.012787245,Christianity,Christianity,FALSE,,,,
Second Balkan,1913,355,Bulgaria,360,Romania,1,0.027260718,Christianity,Christianity,FALSE,,,,
Second Balkan,1913,360,Romania,355,Bulgaria,0,0.007865193,Christianity,Christianity,FALSE,,,,
World War I,1914,345,Yugoslavia,355,Bulgaria,0,0.011856842,Christianity,Christianity,TRUE,,,,
World War I,1914,345,Yugoslavia,640,Turkey,0,0.065893964,Christianity,Islam,TRUE,,,,
World War I,1914,345,Yugoslavia,255,Germany,0,0.257616853,Christianity,Christianity,TRUE,,,,
World War I,1914,345,Yugoslavia,300,Austria-Hungary,0,0.441397868,Christianity,Christianity,TRUE,,,,
World War I,1914,365,Russia,355,Bulgaria,0,0.004103114,Non,Christianity,TRUE,,,,
World War I,1914,365,Russia,640,Turkey,0,0.011726011,Non,Islam,TRUE,,,,
World War I,1914,365,Russia,255,Germany,0,0.454625028,Non,Christianity,TRUE,,,,
World War I,1914,365,Russia,300,Austria-Hungary,0,0.034893426,Non,Christianity,TRUE,,,,
World War I,1915,355,Bulgaria,345,Yugoslavia,0,0.006045529,Christianity,Christianity,TRUE,,,,
World War I,1915,355,Bulgaria,365,Russia,0,0.085014096,Christianity,Non,TRUE,,,,
World War I,1915,355,Bulgaria,200,United Kingdom,0,0.065622456,Christianity,Christianity,TRUE,,,,
World War I,1915,355,Bulgaria,740,Japan,0,0,Christianity,Shinto,FALSE,,,,
World War I,1915,355,Bulgaria,235,Portugal,0,0,Christianity,Christianity,FALSE,,,,
World War I,1915,355,Bulgaria,211,Belgium,0,0.129017068,Christianity,Christianity,TRUE,,,,
World War I,1915,355,Bulgaria,350,Greece,0,0.012787245,Christianity,Christianity,FALSE,,,,
World War I,1915,355,Bulgaria,360,Romania,0,0.027260718,Christianity,Christianity,TRUE,,,,
World War I,1915,355,Bulgaria,220,France,0,0.047354963,Christianity,Christianity,TRUE,,,,
World War I,1915,355,Bulgaria,325,Italy,0,0.027822797,Christianity,Christianity,TRUE,,,,
World War I,1915,355,Bulgaria,2,United States of America,0,0.005761286,Christianity,Christianity,TRUE,,,,
World War I,1914,200,United Kingdom,355,Bulgaria,0,0.00078857,Christianity,Christianity,TRUE,,,,
World War I,1914,200,United Kingdom,640,Turkey,0,0.010275053,Christianity,Islam,TRUE,,,,
World War I,1914,200,United Kingdom,255,Germany,0,0.098496987,Christianity,Christianity,TRUE,,,,
World War I,1914,200,United Kingdom,300,Austria-Hungary,0,0.009780297,Christianity,Christianity,TRUE,,,,
World War I,1914,740,Japan,355,Bulgaria,0,0,Shinto,Christianity,FALSE,,,,
World War I,1914,740,Japan,640,Turkey,0,2.48E-05,Shinto,Islam,FALSE,,,,
World War I,1914,740,Japan,255,Germany,0,0.099947208,Shinto,Christianity,TRUE,,,,
World War I,1914,740,Japan,300,Austria-Hungary,0,0.003473502,Shinto,Christianity,TRUE,,,,
World War I,1916,235,Portugal,355,Bulgaria,0,0,Christianity,Christianity,FALSE,,,,
World War I,1916,235,Portugal,640,Turkey,0,0.003012916,Christianity,Islam,FALSE,,,,
World War I,1916,235,Portugal,255,Germany,0,0.149390411,Christianity,Christianity,TRUE,,,,
World War I,1916,235,Portugal,300,Austria-Hungary,0,0.014305294,Christianity,Christianity,TRUE,,,,
World War I,1914,640,Turkey,345,Yugoslavia,0,0.008784318,Islam,Christianity,TRUE,,,,
World War I,1914,640,Turkey,365,Russia,0,0,Islam,Non,TRUE,,,,
World War I,1914,640,Turkey,200,United Kingdom,0,0.20917187,Islam,Christianity,TRUE,,,,
World War I,1914,640,Turkey,740,Japan,0,4.68E-05,Islam,Shinto,FALSE,,,,
World War I,1914,640,Turkey,235,Portugal,0,0.0012375,Islam,Christianity,FALSE,,,,
World War I,1914,640,Turkey,211,Belgium,0,0.047575,Islam,Christianity,TRUE,,,,
World War I,1914,640,Turkey,350,Greece,0,0.0033,Islam,Christianity,TRUE,,,,
World War I,1914,640,Turkey,360,Romania,0,0.0345125,Islam,Christianity,TRUE,,,,
World War I,1914,640,Turkey,220,France,0,0.117356248,Islam,Christianity,TRUE,,,,
World War I,1914,640,Turkey,325,Italy,0,0.099481248,Islam,Christianity,TRUE,,,,
World War I,1914,640,Turkey,2,United States of America,0,0.0374,Islam,Christianity,TRUE,,,,
World War I,1914,211,Belgium,355,Bulgaria,0,0.005480134,Christianity,Christianity,TRUE,,,,
World War I,1914,211,Belgium,640,Turkey,0,0.009313695,Christianity,Islam,TRUE,,,,
World War I,1914,211,Belgium,255,Germany,0,0.167262931,Christianity,Christianity,TRUE,,,,
World War I,1914,211,Belgium,300,Austria-Hungary,0,0.006386342,Christianity,Christianity,TRUE,,,,
World War I,1914,255,Germany,345,Yugoslavia,0,0.002044295,Christianity,Christianity,TRUE,,,,
World War I,1914,255,Germany,365,Russia,0,0.134805693,Christianity,Non,TRUE,,,,
World War I,1914,255,Germany,200,United Kingdom,0,0.117303924,Christianity,Christianity,TRUE,,,,
World War I,1914,255,Germany,740,Japan,0,0.013618525,Christianity,Shinto,TRUE,,,,
World War I,1914,255,Germany,235,Portugal,0,0.003589644,Christianity,Christianity,TRUE,,,,
World War I,1914,255,Germany,211,Belgium,0,0.049983526,Christianity,Christianity,TRUE,,,,
World War I,1914,255,Germany,350,Greece,0,0.000999469,Christianity,Christianity,TRUE,,,,
World War I,1914,255,Germany,360,Romania,0,0.011255594,Christianity,Christianity,TRUE,,,,
World War I,1914,255,Germany,220,France,0,0.069321352,Christianity,Christianity,TRUE,,,,
World War I,1914,255,Germany,325,Italy,0,0.038577106,Christianity,Christianity,TRUE,,,,
World War I,1914,255,Germany,2,United States of America,0,0.118695535,Christianity,Christianity,TRUE,,,,
World War I,1917,350,Greece,355,Bulgaria,0,0.015660383,Christianity,Christianity,FALSE,,,,
World War I,1917,350,Greece,640,Turkey,0,0.016520842,Christianity,Islam,TRUE,,,,
World War I,1917,350,Greece,255,Germany,0,0.085529777,Christianity,Christianity,TRUE,,,,
World War I,1917,350,Greece,300,Austria-Hungary,0,0.140771353,Christianity,Christianity,TRUE,,,,
World War I,1916,360,Romania,355,Bulgaria,0,0.007865193,Christianity,Christianity,TRUE,,,,
World War I,1916,360,Romania,640,Turkey,0,0.040704404,Christianity,Islam,TRUE,,,,
World War I,1916,360,Romania,255,Germany,0,0.226914894,Christianity,Christianity,TRUE,,,,
World War I,1916,360,Romania,300,Austria-Hungary,0,0.183007645,Christianity,Christianity,TRUE,,,,
World War I,1914,300,Austria-Hungary,345,Yugoslavia,1,0.012914449,Christianity,Christianity,TRUE,,,,
World War I,1914,300,Austria-Hungary,365,Russia,1,0.041479845,Christianity,Non,TRUE,,,,
World War I,1914,300,Austria-Hungary,200,United Kingdom,1,0.046696064,Christianity,Christianity,TRUE,,,,
World War I,1914,300,Austria-Hungary,740,Japan,1,0.001773963,Christianity,Shinto,TRUE,,,,
World War I,1914,300,Austria-Hungary,235,Portugal,1,0.001378047,Christianity,Christianity,TRUE,,,,
World War I,1914,300,Austria-Hungary,211,Belgium,1,0.007650995,Christianity,Christianity,TRUE,,,,
World War I,1914,300,Austria-Hungary,350,Greece,1,0.006594852,Christianity,Christianity,TRUE,,,,
World War I,1914,300,Austria-Hungary,360,Romania,1,0.036392617,Christianity,Christianity,TRUE,,,,
World War I,1914,300,Austria-Hungary,220,France,1,0.025766682,Christianity,Christianity,TRUE,,,,
World War I,1914,300,Austria-Hungary,325,Italy,1,0.074454109,Christianity,Christianity,TRUE,,,,
World War I,1914,300,Austria-Hungary,2,United States of America,1,0.03331287,Christianity,Christianity,TRUE,,,,
World War I,1914,220,France,355,Bulgaria,0,0.001141835,Christianity,Christianity,TRUE,,,,
World War I,1914,220,France,640,Turkey,0,0.011567435,Christianity,Islam,TRUE,,,,
World War I,1914,220,France,255,Germany,0,0.116795865,Christianity,Christianity,TRUE,,,,
World War I,1914,220,France,300,Austria-Hungary,0,0.0108288,Christianity,Christianity,TRUE,,,,
World War I,1915,325,Italy,355,Bulgaria,0,0.001665433,Christianity,Christianity,TRUE,,,,
World War I,1915,325,Italy,640,Turkey,0,0.024342238,Christianity,Islam,TRUE,,,,
World War I,1915,325,Italy,255,Germany,0,0.16135355,Christianity,Christianity,TRUE,,,,
World War I,1915,325,Italy,300,Austria-Hungary,0,0.07767816,Christianity,Christianity,TRUE,,,,
World War I,1917,2,United States of America,355,Bulgaria,0,9.59E-05,Christianity,Christianity,TRUE,,,,
World War I,1917,2,United States of America,640,Turkey,0,0.002544077,Christianity,Islam,TRUE,,,,
World War I,1917,2,United States of America,255,Germany,0,0.138013839,Christianity,Christianity,TRUE,,,,
World War I,1917,2,United States of America,300,Austria-Hungary,0,0.009661881,Christianity,Christianity,TRUE,,,,
Estonian Liberation,1918,366,Estonia,365,Russia,0,0,Non,Non,FALSE,,,,
Estonian Liberation,1918,375,Finland,365,Russia,0,0,Christianity,Non,FALSE,,,,
Estonian Liberation,1918,365,Russia,366,Estonia,1,0,Non,Non,FALSE,,,,
Estonian Liberation,1918,365,Russia,375,Finland,1,0,Non,Christianity,FALSE,,,,
Latvian Liberation,1918,255,Germany,365,Russia,0,0.134805693,Christianity,Non,TRUE,,,,
Latvian Liberation,1918,365,Russia,255,Germany,1,0.454625028,Non,Christianity,TRUE,,,,
Latvian Liberation,1918,365,Russia,366,Estonia,1,0,Non,Non,FALSE,,,,
Latvian Liberation,1918,365,Russia,367,Latvia,1,0,Non,Christianity,FALSE,,,,
Latvian Liberation,1919,255,Germany,366,Estonia,0,0,Christianity,Non,FALSE,,,,
Latvian Liberation,1919,255,Germany,367,Latvia,0,0,Christianity,Christianity,FALSE,,,,
Latvian Liberation,1919,366,Estonia,365,Russia,0,0,Non,Non,FALSE,,,,
Latvian Liberation,1919,366,Estonia,255,Germany,0,0,Non,Christianity,FALSE,,,,
Latvian Liberation,1918,367,Latvia,365,Russia,0,0,Christianity,Non,FALSE,,,,
Latvian Liberation,1918,367,Latvia,255,Germany,0,0,Christianity,Christianity,FALSE,,,,
Russo-Polish,1919,365,Russia,290,Poland,1,0,Non,Christianity,FALSE,,,,
Russo-Polish,1919,290,Poland,365,Russia,0,0,Christianity,Non,FALSE,,,,
Hungarian Adversaries,1919,310,Hungary,315,Czechoslovakia,0,0,Christianity,Christianity,FALSE,,,,
Hungarian Adversaries,1919,310,Hungary,360,Romania,0,0,Christianity,Christianity,FALSE,,,,
Hungarian Adversaries,1919,315,Czechoslovakia,310,Hungary,0,0,Christianity,Christianity,FALSE,,,,
Hungarian Adversaries,1919,360,Romania,310,Hungary,1,0,Christianity,Christianity,FALSE,,,,
Second Greco-Turkish,1919,640,Turkey,350,Greece,0,0.755365878,Islam,Christianity,TRUE,,,,
Second Greco-Turkish,1919,350,Greece,640,Turkey,1,0.069093179,Christianity,Islam,TRUE,,,,
Franco-Turkish,1919,640,Turkey,220,France,0,0.40951222,Islam,Christianity,TRUE,,,,
Franco-Turkish,1919,220,France,640,Turkey,1,0.00257384,Christianity,Islam,TRUE,,,,
Lithuanian-Polish,1920,368,Lithuania,290,Poland,0,0,Christianity,Christianity,FALSE,,,,
Lithuanian-Polish,1920,290,Poland,368,Lithuania,1,0,Christianity,Christianity,FALSE,,,,
Manchurian,1929,365,USSR,710,China,1,0.027126366,Non,Syncretic,TRUE,,,,
Manchurian,1929,710,China,365,USSR,0,0.017190249,Syncretic,Non,TRUE,,,,
Second Sino-Japanese,1931,740,Japan,710,China,1,0.107660612,Shinto,Syncretic,TRUE,,,,
Second Sino-Japanese,1931,710,China,740,Japan,0,0.208724578,Syncretic,Shinto,TRUE,,,,
Chaco,1932,145,Bolivia,150,Paraguay,1,0,Christianity,Christianity,TRUE,,,,
Chaco,1932,150,Paraguay,145,Bolivia,0,0,Christianity,Christianity,TRUE,,,,
Saudi-Yemeni,1934,670,Saudi Arabia,678,Yemen Arab Republic,1,0,Islam,Islam,FALSE,,,,
Saudi-Yemeni,1934,678,Yemen Arab Republic,670,Saudi Arabia,0,0,Islam,Islam,FALSE,,,,
Conquest of Ethiopia,1935,325,Italy,530,Ethiopia,1,0,Christianity,Christianity,TRUE,,,,
Conquest of Ethiopia,1935,530,Ethiopia,325,Italy,0,0,Christianity,Christianity,TRUE,,,,
Third Sino-Japanese,1937,710,China,740,Japan,0,0.163371178,Syncretic,Shinto,TRUE,,,,
Third Sino-Japanese,1937,740,Japan,710,China,1,0.03364966,Shinto,Syncretic,TRUE,,,,
Changkufeng,1938,365,USSR,740,Japan,0,0.005613818,Non,Shinto,TRUE,,,,
Changkufeng,1938,740,Japan,365,USSR,1,0.001904177,Shinto,Non,TRUE,,,,
Nomonhan,1939,365,USSR,740,Japan,0,0,Non,Shinto,TRUE,,,,
Nomonhan,1939,712,Mongolia,740,Japan,0,0,Non,Shinto,FALSE,,,,
Nomonhan,1939,740,Japan,365,USSR,1,0,Shinto,Non,TRUE,,,,
Nomonhan,1939,740,Japan,712,Mongolia,1,0,Shinto,Non,FALSE,,,,
World War II,1941,310,Hungary,211,Belgium,0,0.007220217,Christianity,Christianity,TRUE,,,,
World War II,1941,310,Hungary,345,Yugoslavia,0,0,Christianity,Christianity,TRUE,,,,
World War II,1941,310,Hungary,385,Norway,0,0.001979668,Christianity,Christianity,TRUE,,,,
World War II,1941,310,Hungary,20,Canada,0,0.000790578,Christianity,Christianity,FALSE,,,,
World War II,1941,310,Hungary,2,United States of America,0,0.039711191,Christianity,Christianity,TRUE,,,,
World War II,1941,310,Hungary,200,United Kingdom,0,0.068592058,Christianity,Christianity,TRUE,,,,
World War II,1941,310,Hungary,210,Netherlands,0,0,Christianity,Christianity,TRUE,,,,
World War II,1941,310,Hungary,360,Romania,0,0.061371841,Christianity,Christianity,TRUE,,,,
World War II,1941,310,Hungary,355,Bulgaria,0,0.010830325,Christianity,Christianity,TRUE,,,,
World War II,1941,310,Hungary,350,Greece,0,0,Christianity,Christianity,TRUE,,,,
World War II,1941,310,Hungary,140,Brazil,0,0,Christianity,Christianity,TRUE,,,,
World War II,1941,310,Hungary,325,Italy,0,0.064981949,Christianity,Christianity,TRUE,,,,
World War II,1941,310,Hungary,900,Australia,0,0.00060084,Christianity,Christianity,FALSE,,,,
World War II,1941,310,Hungary,920,New Zealand,0,0,Christianity,Christianity,FALSE,,,,
World War II,1941,310,Hungary,365,USSR,0,0.001698579,Christianity,Non,TRUE,,,,
World War II,1941,310,Hungary,290,Poland,0,0.012599278,Christianity,Christianity,TRUE,,,,
World War II,1941,310,Hungary,220,France,0,0.170877097,Christianity,Christianity,TRUE,,,,
World War II,1941,310,Hungary,712,Mongolia,0,0,Christianity,Non,FALSE,,,,
World War II,1941,310,Hungary,710,China,0,0.001992258,Christianity,Syncretic,FALSE,,,,
World War II,1941,310,Hungary,560,South Africa,0,0.004296029,Christianity,Christianity,FALSE,,,,
World War II,1941,310,Hungary,530,Ethiopia,0,0,Christianity,Christianity,FALSE,,,,
World War II,1940,211,Belgium,310,Hungary,0,0.001343183,Christianity,Christianity,TRUE,,,,
World War II,1940,211,Belgium,220,France,0,0.135661518,Christianity,Christianity,TRUE,,,,
World War II,1940,211,Belgium,375,Finland,0,0.01208865,Christianity,Christianity,TRUE,,,,
World War II,1940,211,Belgium,325,Italy,0,0.010745467,Christianity,Christianity,TRUE,,,,
World War II,1940,211,Belgium,360,Romania,0,0.007387508,Christianity,Christianity,TRUE,,,,
World War II,1940,211,Belgium,355,Bulgaria,0,0.001343183,Christianity,Christianity,TRUE,,,,
World War II,1940,211,Belgium,255,Germany,0,0.112155809,Christianity,Christianity,TRUE,,,,
World War II,1940,211,Belgium,740,Japan,0,0.004701142,Christianity,Shinto,TRUE,,,,
World War II,1940,220,France,211,Belgium,0,0.091559449,Christianity,Christianity,TRUE,,,,
World War II,1940,220,France,345,Yugoslavia,0,0.004658928,Christianity,Christianity,TRUE,,,,
World War II,1940,220,France,385,Norway,0,0.00490122,Christianity,Christianity,TRUE,,,,
World War II,1940,220,France,20,Canada,0,0.011048513,Christianity,Christianity,TRUE,,,,
World War II,1940,220,France,2,United States of America,0,0.147645797,Christianity,Christianity,TRUE,,,,
World War II,1940,220,France,200,United Kingdom,0,0.091648664,Christianity,Christianity,TRUE,,,,
World War II,1940,220,France,210,Netherlands,0,0.005870388,Christianity,Christianity,TRUE,,,,
World War II,1940,220,France,360,Romania,0,0.003904362,Christianity,Christianity,TRUE,,,,
World War II,1940,220,France,355,Bulgaria,0,0.007002238,Christianity,Christianity,TRUE,,,,
World War II,1940,220,France,350,Greece,0,0.001488365,Christianity,Christianity,TRUE,,,,
World War II,1940,220,France,140,Brazil,0,0.017313491,Christianity,Christianity,TRUE,,,,
World War II,1940,220,France,325,Italy,0,0.01617818,Christianity,Christianity,TRUE,,,,
World War II,1940,220,France,900,Australia,0,0.021127859,Christianity,Christianity,FALSE,,,,
World War II,1940,220,France,920,New Zealand,0,0.004589702,Christianity,Christianity,FALSE,,,,
World War II,1940,220,France,365,USSR,0,0.008971725,Christianity,Non,TRUE,,,,
World War II,1940,220,France,290,Poland,0,0.00572889,Christianity,Christianity,TRUE,,,,
World War II,1940,220,France,712,Mongolia,0,0,Christianity,Non,FALSE,,,,
World War II,1940,220,France,710,China,0,0.003129028,Christianity,Syncretic,TRUE,,,,
World War II,1940,220,France,560,South Africa,0,0.006209597,Christianity,Christianity,TRUE,,,,
World War II,1940,220,France,530,Ethiopia,0,0,Christianity,Christianity,TRUE,,,,
World War II,1941,345,Yugoslavia,310,Hungary,0,0,Christianity,Christianity,TRUE,,,,
World War II,1941,345,Yugoslavia,220,France,0,0,Christianity,Christianity,TRUE,,,,
World War II,1941,345,Yugoslavia,375,Finland,0,1.89E-05,Christianity,Christianity,TRUE,,,,
World War II,1941,345,Yugoslavia,325,Italy,0,0,Christianity,Christianity,TRUE,,,,
World War II,1941,345,Yugoslavia,360,Romania,0,0,Christianity,Christianity,TRUE,,,,
World War II,1941,345,Yugoslavia,355,Bulgaria,0,0.001628804,Christianity,Christianity,TRUE,,,,
World War II,1941,345,Yugoslavia,255,Germany,0,0,Christianity,Christianity,TRUE,,,,
World War II,1941,345,Yugoslavia,740,Japan,0,0.000214316,Christianity,Shinto,TRUE,,,,
World War II,1941,375,Finland,211,Belgium,0,0.049065714,Christianity,Christianity,TRUE,,,,
World War II,1941,375,Finland,345,Yugoslavia,0,1.33E-05,Christianity,Christianity,TRUE,,,,
World War II,1941,375,Finland,385,Norway,0,0.002752732,Christianity,Christianity,TRUE,,,,
World War II,1941,375,Finland,20,Canada,0,0.002232319,Christianity,Christianity,FALSE,,,,
World War II,1941,375,Finland,2,United States of America,0,0.095405555,Christianity,Christianity,TRUE,,,,
World War II,1941,375,Finland,200,United Kingdom,0,0.357089362,Christianity,Christianity,TRUE,,,,
World War II,1941,375,Finland,210,Netherlands,0,0.034978801,Christianity,Christianity,TRUE,,,,
World War II,1941,375,Finland,360,Romania,0,0,Christianity,Christianity,TRUE,,,,
World War II,1941,375,Finland,355,Bulgaria,0,0,Christianity,Christianity,TRUE,,,,
World War II,1941,375,Finland,350,Greece,0,0.005770771,Christianity,Christianity,TRUE,,,,
World War II,1941,375,Finland,140,Brazil,0,0.010903492,Christianity,Christianity,TRUE,,,,
World War II,1941,375,Finland,325,Italy,0,0.019081111,Christianity,Christianity,TRUE,,,,
World War II,1941,375,Finland,900,Australia,0,0.005451746,Christianity,Christianity,FALSE,,,,
World War II,1941,375,Finland,920,New Zealand,0,0,Christianity,Christianity,FALSE,,,,
World War II,1941,375,Finland,365,USSR,0,0.008177619,Christianity,Non,TRUE,,,,
World War II,1941,375,Finland,290,Poland,0,0.016355238,Christianity,Christianity,TRUE,,,,
World War II,1941,375,Finland,220,France,0,0.130153362,Christianity,Christianity,TRUE,,,,
World War II,1941,375,Finland,712,Mongolia,0,0,Christianity,Non,FALSE,,,,
World War II,1941,375,Finland,710,China,0,0.001962628,Christianity,Syncretic,TRUE,,,,
World War II,1941,375,Finland,560,South Africa,0,0.011475925,Christianity,Christianity,FALSE,,,,
World War II,1941,375,Finland,530,Ethiopia,0,0.00015983,Christianity,Christianity,FALSE,,,,
World War II,1940,385,Norway,310,Hungary,0,0.00104442,Christianity,Christianity,TRUE,,,,
World War II,1940,385,Norway,220,France,0,0.019985116,Christianity,Christianity,TRUE,,,,
World War II,1940,385,Norway,375,Finland,0,0.001750109,Christianity,Christianity,TRUE,,,,
World War II,1940,385,Norway,325,Italy,0,0.022102183,Christianity,Christianity,TRUE,,,,
World War II,1940,385,Norway,360,Romania,0,0.000423414,Christianity,Christianity,TRUE,,,,
World War II,1940,385,Norway,355,Bulgaria,0,8.47E-05,Christianity,Christianity,TRUE,,,,
World War II,1940,385,Norway,255,Germany,0,0.377967069,Christianity,Christianity,TRUE,,,,
World War II,1940,385,Norway,740,Japan,0,0.007677898,Christianity,Shinto,TRUE,,,,
World War II,1939,20,Canada,310,Hungary,0,0.000138206,Christianity,Christianity,FALSE,,,,
World War II,1939,20,Canada,220,France,0,0.009242409,Christianity,Christianity,TRUE,,,,
World War II,1939,20,Canada,375,Finland,0,0.000503069,Christianity,Christianity,FALSE,,,,
World War II,1939,20,Canada,325,Italy,0,0.004104849,Christianity,Christianity,FALSE,,,,
World War II,1939,20,Canada,360,Romania,0,0,Christianity,Christianity,FALSE,,,,
World War II,1939,20,Canada,355,Bulgaria,0,0,Christianity,Christianity,FALSE,,,,
World War II,1939,20,Canada,255,Germany,0,0.00512539,Christianity,Christianity,FALSE,,,,
World War II,1939,20,Canada,740,Japan,0,0.0223035,Christianity,Shinto,TRUE,,,,
World War II,1941,2,United States of America,310,Hungary,0,0.002176494,Christianity,Christianity,TRUE,,,,
World War II,1941,2,United States of America,220,France,0,0.024220013,Christianity,Christianity,TRUE,,,,
World War II,1941,2,United States of America,375,Finland,0,0.006925208,Christianity,Christianity,TRUE,,,,
World War II,1941,2,United States of America,325,Italy,0,0.021962802,Christianity,Christianity,TRUE,,,,
World War II,1941,2,United States of America,360,Romania,0,0.001780768,Christianity,Christianity,TRUE,,,,
World War II,1941,2,United States of America,355,Bulgaria,0,0.000791452,Christianity,Christianity,TRUE,,,,
World War II,1941,2,United States of America,255,Germany,0,0.000407256,Christianity,Christianity,TRUE,,,,
World War II,1941,2,United States of America,740,Japan,0,0.02485313,Christianity,Shinto,TRUE,,,,
World War II,1939,200,United Kingdom,310,Hungary,0,0.002951227,Christianity,Christianity,TRUE,,,,
World War II,1939,200,United Kingdom,220,France,0,0.031505992,Christianity,Christianity,TRUE,,,,
World War II,1939,200,United Kingdom,375,Finland,0,0.020347934,Christianity,Christianity,TRUE,,,,
World War II,1939,200,United Kingdom,325,Italy,0,0.010872942,Christianity,Christianity,TRUE,,,,
World War II,1939,200,United Kingdom,360,Romania,0,0.004504505,Christianity,Christianity,TRUE,,,,
World War II,1939,200,United Kingdom,355,Bulgaria,0,0.000931966,Christianity,Christianity,TRUE,,,,
World War II,1939,200,United Kingdom,255,Germany,0,0.014018876,Christianity,Christianity,TRUE,,,,
World War II,1939,200,United Kingdom,740,Japan,0,0.007259205,Christianity,Shinto,TRUE,,,,
World War II,1940,210,Netherlands,310,Hungary,0,0,Christianity,Christianity,TRUE,,,,
World War II,1940,210,Netherlands,220,France,0,0.009551798,Christianity,Christianity,TRUE,,,,
World War II,1940,210,Netherlands,375,Finland,0,0.008187425,Christianity,Christianity,TRUE,,,,
World War II,1940,210,Netherlands,325,Italy,0,0.00523772,Christianity,Christianity,TRUE,,,,
World War II,1940,210,Netherlands,360,Romania,0,0,Christianity,Christianity,TRUE,,,,
World War II,1940,210,Netherlands,355,Bulgaria,0,0.000567094,Christianity,Christianity,TRUE,,,,
World War II,1940,210,Netherlands,255,Germany,0,0.183185028,Christianity,Christianity,TRUE,,,,
World War II,1940,210,Netherlands,740,Japan,0,0.000732154,Christianity,Shinto,TRUE,,,,
World War II,1940,325,Italy,211,Belgium,0,0.014121801,Christianity,Christianity,TRUE,,,,
World War II,1940,325,Italy,345,Yugoslavia,0,0.018139707,Christianity,Christianity,TRUE,,,,
World War II,1940,325,Italy,385,Norway,0,0.006279129,Christianity,Christianity,TRUE,,,,
World War II,1940,325,Italy,20,Canada,0,0.004413063,Christianity,Christianity,FALSE,,,,
World War II,1940,325,Italy,2,United States of America,0,0.097969991,Christianity,Christianity,TRUE,,,,
World War II,1940,325,Italy,200,United Kingdom,0,0.061782877,Christianity,Christianity,TRUE,,,,
World War II,1940,325,Italy,210,Netherlands,0,0.003728985,Christianity,Christianity,TRUE,,,,
World War II,1940,325,Italy,360,Romania,0,0.017652251,Christianity,Christianity,TRUE,,,,
World War II,1940,325,Italy,355,Bulgaria,0,0.008826125,Christianity,Christianity,TRUE,,,,
World War II,1940,325,Italy,350,Greece,0,0.004715361,Christianity,Christianity,TRUE,,,,
World War II,1940,325,Italy,140,Brazil,0,0.01059135,Christianity,Christianity,TRUE,,,,
World War II,1940,325,Italy,900,Australia,0,0.013239188,Christianity,Christianity,FALSE,,,,
World War II,1940,325,Italy,920,New Zealand,0,0.000553745,Christianity,Christianity,FALSE,,,,
World War II,1940,325,Italy,365,USSR,0,0.004741933,Christianity,Non,TRUE,,,,
World War II,1940,325,Italy,290,Poland,0,0.012411781,Christianity,Christianity,TRUE,,,,
World War II,1940,325,Italy,220,France,0,0.018741155,Christianity,Christianity,TRUE,,,,
World War II,1940,325,Italy,712,Mongolia,0,0,Christianity,Non,FALSE,,,,
World War II,1940,325,Italy,710,China,0,0.005295675,Christianity,Syncretic,TRUE,,,,
World War II,1940,325,Italy,560,South Africa,0,0.008826125,Christianity,Christianity,TRUE,,,,
World War II,1940,325,Italy,530,Ethiopia,0,0,Christianity,Christianity,TRUE,,,,
World War II,1944,360,Romania,310,Hungary,0,0.058419244,Christianity,Christianity,TRUE,,,,
World War II,1944,360,Romania,220,France,0,0,Christianity,Christianity,TRUE,,,,
World War II,1944,360,Romania,375,Finland,0,0,Christianity,Christianity,TRUE,,,,
World War II,1944,360,Romania,325,Italy,0,0.068728522,Christianity,Christianity,TRUE,,,,
World War II,1944,360,Romania,355,Bulgaria,0,0,Christianity,Christianity,TRUE,,,,
World War II,1944,360,Romania,255,Germany,0,0.485126309,Christianity,Christianity,TRUE,,,,
World War II,1944,360,Romania,740,Japan,0,0.000142838,Christianity,Shinto,TRUE,,,,
World War II,1941,360,Romania,211,Belgium,0,0.037800687,Christianity,Christianity,TRUE,,,,
World War II,1941,360,Romania,345,Yugoslavia,0,0,Christianity,Christianity,TRUE,,,,
World War II,1941,360,Romania,385,Norway,0,0.000425774,Christianity,Christianity,TRUE,,,,
World War II,1941,360,Romania,20,Canada,0,0,Christianity,Christianity,FALSE,,,,
World War II,1941,360,Romania,2,United States of America,0,0.030927835,Christianity,Christianity,TRUE,,,,
World War II,1941,360,Romania,200,United Kingdom,0,0.099656357,Christianity,Christianity,TRUE,,,,
World War II,1941,360,Romania,210,Netherlands,0,0,Christianity,Christianity,TRUE,,,,
World War II,1941,360,Romania,355,Bulgaria,0,0.012083005,Christianity,Christianity,TRUE,,,,
World War II,1941,360,Romania,350,Greece,0,0,Christianity,Christianity,TRUE,,,,
World War II,1941,360,Romania,140,Brazil,0,0,Christianity,Christianity,TRUE,,,,
World War II,1941,360,Romania,325,Italy,0,0.068728522,Christianity,Christianity,TRUE,,,,
World War II,1941,360,Romania,900,Australia,0,0,Christianity,Christianity,FALSE,,,,
World War II,1941,360,Romania,920,New Zealand,0,0,Christianity,Christianity,FALSE,,,,
World War II,1941,360,Romania,365,USSR,0,0.001638998,Christianity,Non,TRUE,,,,
World War II,1941,360,Romania,290,Poland,0,0.010343643,Christianity,Christianity,TRUE,,,,
World War II,1941,360,Romania,220,France,0,0.281875495,Christianity,Christianity,TRUE,,,,
World War II,1941,360,Romania,712,Mongolia,0,0,Christianity,Non,FALSE,,,,
World War II,1941,360,Romania,710,China,0,0,Christianity,Syncretic,TRUE,,,,
World War II,1941,360,Romania,560,South Africa,0,0,Christianity,Christianity,FALSE,,,,
World War II,1941,360,Romania,530,Ethiopia,0,0,Christianity,Christianity,FALSE,,,,
World War II,1941,355,Bulgaria,211,Belgium,0,0.015625,Christianity,Christianity,TRUE,,,,
World War II,1941,355,Bulgaria,345,Yugoslavia,0,0.002835821,Christianity,Christianity,TRUE,,,,
World War II,1941,355,Bulgaria,385,Norway,0,0.000179533,Christianity,Christianity,TRUE,,,,
World War II,1941,355,Bulgaria,20,Canada,0,0,Christianity,Christianity,FALSE,,,,
World War II,1941,355,Bulgaria,2,United States of America,0,0.03125,Christianity,Christianity,TRUE,,,,
World War II,1941,355,Bulgaria,200,United Kingdom,0,0.046875,Christianity,Christianity,TRUE,,,,
World War II,1941,355,Bulgaria,210,Netherlands,0,0.005970149,Christianity,Christianity,TRUE,,,,
World War II,1941,355,Bulgaria,360,Romania,0,0.020122484,Christianity,Christianity,TRUE,,,,
World War II,1941,355,Bulgaria,350,Greece,0,0.005970149,Christianity,Christianity,TRUE,,,,
World War II,1941,355,Bulgaria,140,Brazil,0,0,Christianity,Christianity,TRUE,,,,
World War II,1941,355,Bulgaria,325,Italy,0,0.078125,Christianity,Christianity,TRUE,,,,
World War II,1941,355,Bulgaria,900,Australia,0,0,Christianity,Christianity,FALSE,,,,
World War II,1941,355,Bulgaria,920,New Zealand,0,0,Christianity,Christianity,FALSE,,,,
World War II,1941,355,Bulgaria,365,USSR,0,0.003376623,Christianity,Non,TRUE,,,,
World War II,1941,355,Bulgaria,290,Poland,0,0.026791045,Christianity,Christianity,TRUE,,,,
World War II,1941,355,Bulgaria,220,France,0,0.083289594,Christianity,Christianity,TRUE,,,,
World War II,1941,355,Bulgaria,712,Mongolia,0,0,Christianity,Non,FALSE,,,,
World War II,1941,355,Bulgaria,710,China,0,0,Christianity,Syncretic,FALSE,,,,
World War II,1941,355,Bulgaria,560,South Africa,0,0,Christianity,Christianity,FALSE,,,,
World War II,1941,355,Bulgaria,530,Ethiopia,0,0,Christianity,Christianity,FALSE,,,,
World War II,1944,355,Bulgaria,310,Hungary,0,0.0234375,Christianity,Christianity,TRUE,,,,
World War II,1944,355,Bulgaria,220,France,0,0.443894386,Christianity,Christianity,TRUE,,,,
World War II,1944,355,Bulgaria,375,Finland,0,0,Christianity,Christianity,TRUE,,,,
World War II,1944,355,Bulgaria,325,Italy,0,0.078125,Christianity,Christianity,TRUE,,,,
World War II,1944,355,Bulgaria,360,Romania,0,0.043847242,Christianity,Christianity,TRUE,,,,
World War II,1944,355,Bulgaria,255,Germany,0,0.423518837,Christianity,Christianity,TRUE,,,,
World War II,1944,355,Bulgaria,740,Japan,0,0.000149254,Christianity,Shinto,TRUE,,,,
World War II,1940,350,Greece,310,Hungary,0,0,Christianity,Christianity,TRUE,,,,
World War II,1940,350,Greece,220,France,0,0.015016322,Christianity,Christianity,TRUE,,,,
World War II,1940,350,Greece,375,Finland,0,0.010880231,Christianity,Christianity,TRUE,,,,
World War II,1940,350,Greece,325,Italy,0,0.041067892,Christianity,Christianity,TRUE,,,,
World War II,1940,350,Greece,360,Romania,0,0,Christianity,Christianity,TRUE,,,,
World War II,1940,350,Greece,355,Bulgaria,0,0.004567907,Christianity,Christianity,TRUE,,,,
World War II,1940,350,Greece,255,Germany,0,0.259956967,Christianity,Christianity,TRUE,,,,
World War II,1940,350,Greece,740,Japan,0,0.000799384,Christianity,Shinto,TRUE,,,,
World War II,1944,140,Brazil,310,Hungary,0,0,Christianity,Christianity,TRUE,,,,
World War II,1944,140,Brazil,220,France,0,0.022644269,Christianity,Christianity,TRUE,,,,
World War II,1944,140,Brazil,375,Finland,0,0.006756757,Christianity,Christianity,TRUE,,,,
World War II,1944,140,Brazil,325,Italy,0,0.02027027,Christianity,Christianity,TRUE,,,,
World War II,1944,140,Brazil,360,Romania,0,0,Christianity,Christianity,TRUE,,,,
World War II,1944,140,Brazil,355,Bulgaria,0,0,Christianity,Christianity,TRUE,,,,
World War II,1944,140,Brazil,255,Germany,0,0,Christianity,Christianity,TRUE,,,,
World War II,1944,140,Brazil,740,Japan,0,0,Christianity,Shinto,TRUE,,,,
World War II,1943,325,Italy,310,Hungary,0,0.015887026,Christianity,Christianity,TRUE,,,,
World War II,1943,325,Italy,220,France,0,0.064597725,Christianity,Christianity,TRUE,,,,
World War II,1943,325,Italy,375,Finland,0,0.006178288,Christianity,Christianity,TRUE,,,,
World War II,1943,325,Italy,360,Romania,0,0.017652251,Christianity,Christianity,TRUE,,,,
World War II,1943,325,Italy,355,Bulgaria,0,0.008826125,Christianity,Christianity,TRUE,,,,
World War II,1943,325,Italy,255,Germany,0,0,Christianity,Christianity,TRUE,,,,
World War II,1943,325,Italy,740,Japan,0,0,Christianity,Shinto,TRUE,,,,
World War II,1939,900,Australia,310,Hungary,0,0.000192272,Christianity,Christianity,FALSE,,,,
World War II,1939,900,Australia,220,France,0,0.040388129,Christianity,Christianity,FALSE,,,,
World War II,1939,900,Australia,375,Finland,0,0.002298645,Christianity,Christianity,FALSE,,,,
World War II,1939,900,Australia,325,Italy,0,0.017239834,Christianity,Christianity,FALSE,,,,
World War II,1939,900,Australia,360,Romania,0,0,Christianity,Christianity,FALSE,,,,
World War II,1939,900,Australia,355,Bulgaria,0,0,Christianity,Christianity,FALSE,,,,
World War II,1939,900,Australia,255,Germany,0,0.016655251,Christianity,Christianity,FALSE,,,,
World War II,1939,900,Australia,740,Japan,0,0.03755708,Christianity,Shinto,FALSE,,,,
World War II,1939,920,New Zealand,310,Hungary,0,0,Christianity,Christianity,FALSE,,,,
World War II,1939,920,New Zealand,220,France,0,0.020110524,Christianity,Christianity,FALSE,,,,
World War II,1939,920,New Zealand,375,Finland,0,0,Christianity,Christianity,FALSE,,,,
World War II,1939,920,New Zealand,325,Italy,0,0.00146105,Christianity,Christianity,FALSE,,,,
World War II,1939,920,New Zealand,360,Romania,0,0,Christianity,Christianity,FALSE,,,,
World War II,1939,920,New Zealand,355,Bulgaria,0,0,Christianity,Christianity,FALSE,,,,
World War II,1939,920,New Zealand,255,Germany,0,0.007424315,Christianity,Christianity,FALSE,,,,
World War II,1939,920,New Zealand,740,Japan,0,0.01220567,Christianity,Shinto,FALSE,,,,
World War II,1941,365,USSR,310,Hungary,0,0,Non,Christianity,TRUE,,,,
World War II,1941,365,USSR,220,France,0,0,Non,Christianity,TRUE,,,,
World War II,1941,365,USSR,375,Finland,0,0.005432727,Non,Christianity,TRUE,,,,
World War II,1941,365,USSR,325,Italy,0,0.010040913,Non,Christianity,TRUE,,,,
World War II,1941,365,USSR,360,Romania,0,0.001023909,Non,Christianity,TRUE,,,,
World War II,1941,365,USSR,355,Bulgaria,0,0.000485075,Non,Christianity,TRUE,,,,
World War II,1941,365,USSR,255,Germany,0,0,Non,Christianity,TRUE,,,,
World War II,1941,365,USSR,740,Japan,0,0,Non,Shinto,TRUE,,,,
World War II,1939,255,Germany,211,Belgium,1,0.038093066,Christianity,Christianity,TRUE,,,,
World War II,1939,255,Germany,345,Yugoslavia,1,0.02394643,Christianity,Christianity,TRUE,,,,
World War II,1939,255,Germany,385,Norway,1,0.021625103,Christianity,Christianity,TRUE,,,,
World War II,1939,255,Germany,20,Canada,1,0.001974276,Christianity,Christianity,FALSE,,,,
World War II,1939,255,Germany,2,United States of America,1,0.030266872,Christianity,Christianity,TRUE,,,,
World War II,1939,255,Germany,200,United Kingdom,1,0.020284067,Christianity,Christianity,TRUE,,,,
World War II,1939,255,Germany,210,Netherlands,1,0.061751863,Christianity,Christianity,TRUE,,,,
World War II,1939,255,Germany,360,Romania,1,0.019289988,Christianity,Christianity,TRUE,,,,
World War II,1939,255,Germany,355,Bulgaria,1,0.019692198,Christianity,Christianity,TRUE,,,,
World War II,1939,255,Germany,350,Greece,1,0.011226792,Christianity,Christianity,TRUE,,,,
World War II,1939,255,Germany,140,Brazil,1,0.027816839,Christianity,Christianity,TRUE,,,,
World War II,1939,255,Germany,325,Italy,1,0.062687291,Christianity,Christianity,TRUE,,,,
World War II,1939,255,Germany,900,Australia,1,0.003353282,Christianity,Christianity,FALSE,,,,
World War II,1939,255,Germany,920,New Zealand,1,0.000710188,Christianity,Christianity,FALSE,,,,
World War II,1939,255,Germany,365,USSR,1,0.002790188,Christianity,Non,TRUE,,,,
World War II,1939,255,Germany,290,Poland,1,0.007614409,Christianity,Christianity,TRUE,,,,
World War II,1939,255,Germany,220,France,1,0.01205021,Christianity,Christianity,TRUE,,,,
World War II,1939,255,Germany,712,Mongolia,1,0,Christianity,Non,FALSE,,,,
World War II,1939,255,Germany,710,China,1,0.007648884,Christianity,Syncretic,TRUE,,,,
World War II,1939,255,Germany,560,South Africa,1,0.003419934,Christianity,Christianity,TRUE,,,,
World War II,1939,255,Germany,530,Ethiopia,1,5.52E-05,Christianity,Christianity,TRUE,,,,
World War II,1939,290,Poland,310,Hungary,0,0.007473233,Christianity,Christianity,TRUE,,,,
World War II,1939,290,Poland,220,France,0,0.053119002,Christianity,Christianity,TRUE,,,,
World War II,1939,290,Poland,375,Finland,0,0.012847966,Christianity,Christianity,TRUE,,,,
World War II,1939,290,Poland,325,Italy,0,0.065403071,Christianity,Christianity,TRUE,,,,
World War II,1939,290,Poland,360,Romania,0,0.006445396,Christianity,Christianity,TRUE,,,,
World War II,1939,290,Poland,355,Bulgaria,0,0.017226487,Christianity,Christianity,TRUE,,,,
World War II,1939,290,Poland,255,Germany,0,0.158973132,Christianity,Christianity,TRUE,,,,
World War II,1939,290,Poland,740,Japan,0,0,Christianity,Shinto,TRUE,,,,
World War II,1939,220,France,310,Hungary,0,0.001221335,Christianity,Christianity,TRUE,,,,
World War II,1939,220,France,375,Finland,0,0.002013133,Christianity,Christianity,TRUE,,,,
World War II,1939,220,France,325,Italy,0,0.010609055,Christianity,Christianity,TRUE,,,,
World War II,1939,220,France,360,Romania,0,0.002427145,Christianity,Christianity,TRUE,,,,
World War II,1939,220,France,355,Bulgaria,0,0.000615843,Christianity,Christianity,TRUE,,,,
World War II,1939,220,France,255,Germany,0,0.027133305,Christianity,Christianity,TRUE,,,,
World War II,1939,220,France,740,Japan,0,0.0060808,Christianity,Shinto,TRUE,,,,
World War II,1941,740,Japan,211,Belgium,0,0.004299754,Shinto,Christianity,TRUE,,,,
World War II,1941,740,Japan,345,Yugoslavia,0,2.06E-05,Shinto,Christianity,TRUE,,,,
World War II,1941,740,Japan,385,Norway,0,0.001153252,Shinto,Christianity,TRUE,,,,
World War II,1941,740,Japan,20,Canada,0,0.00342069,Shinto,Christianity,TRUE,,,,
World War II,1941,740,Japan,2,United States of America,0,0.108264078,Shinto,Christianity,TRUE,,,,
World War II,1941,740,Japan,200,United Kingdom,0,0.002054453,Shinto,Christianity,TRUE,,,,
World War II,1941,740,Japan,210,Netherlands,0,0.000275593,Shinto,Christianity,TRUE,,,,
World War II,1941,740,Japan,360,Romania,0,2.55E-05,Shinto,Christianity,TRUE,,,,
World War II,1941,740,Japan,355,Bulgaria,0,8.25E-06,Shinto,Christianity,TRUE,,,,
World War II,1941,740,Japan,350,Greece,0,5.78E-05,Shinto,Christianity,TRUE,,,,
World War II,1941,740,Japan,140,Brazil,0,0.01472783,Shinto,Christianity,TRUE,,,,
World War II,1941,740,Japan,325,Italy,0,0.000239601,Shinto,Christianity,TRUE,,,,
World War II,1941,740,Japan,900,Australia,0,0.016048186,Shinto,Christianity,TRUE,,,,
World War II,1941,740,Japan,920,New Zealand,0,0.000453713,Shinto,Christianity,FALSE,,,,
World War II,1941,740,Japan,365,USSR,0,0,Shinto,Non,TRUE,,,,
World War II,1941,740,Japan,290,Poland,0,0,Shinto,Christianity,TRUE,,,,
World War II,1941,740,Japan,220,France,0,0.002615222,Shinto,Christianity,TRUE,,,,
World War II,1941,740,Japan,712,Mongolia,0,0,Shinto,Non,FALSE,,,,
World War II,1941,740,Japan,710,China,0,0.302922228,Shinto,Syncretic,TRUE,,,,
World War II,1941,740,Japan,560,South Africa,0,0.006270416,Shinto,Christianity,FALSE,,,,
World War II,1941,740,Japan,530,Ethiopia,0,0,Shinto,Christianity,FALSE,,,,
World War II,1945,712,Mongolia,310,Hungary,0,0,Non,Christianity,FALSE,,,,
World War II,1945,712,Mongolia,220,France,0,0,Non,Christianity,FALSE,,,,
World War II,1945,712,Mongolia,375,Finland,0,0,Non,Christianity,FALSE,,,,
World War II,1945,712,Mongolia,325,Italy,0,0,Non,Christianity,FALSE,,,,
World War II,1945,712,Mongolia,360,Romania,0,0,Non,Christianity,FALSE,,,,
World War II,1945,712,Mongolia,355,Bulgaria,0,0,Non,Christianity,FALSE,,,,
World War II,1945,712,Mongolia,255,Germany,0,0,Non,Christianity,FALSE,,,,
World War II,1945,712,Mongolia,740,Japan,0,0,Non,Shinto,FALSE,,,,
World War II,1941,710,China,310,Hungary,0,0.001185485,Syncretic,Christianity,FALSE,,,,
World War II,1941,710,China,220,France,0,0,Syncretic,Christianity,TRUE,,,,
World War II,1941,710,China,375,Finland,0,0.001706121,Syncretic,Christianity,TRUE,,,,
World War II,1941,710,China,325,Italy,0,0.014217673,Syncretic,Christianity,TRUE,,,,
World War II,1941,710,China,360,Romania,0,0,Syncretic,Christianity,TRUE,,,,
World War II,1941,710,China,355,Bulgaria,0,0,Syncretic,Christianity,FALSE,,,,
World War II,1941,710,China,255,Germany,0,0,Syncretic,Christianity,TRUE,,,,
World War II,1941,710,China,740,Japan,0,0,Syncretic,Shinto,TRUE,,,,
World War II,1939,560,South Africa,310,Hungary,0,0.001427837,Christianity,Christianity,FALSE,,,,
World War II,1939,560,South Africa,220,France,0,0.024081096,Christianity,Christianity,FALSE,,,,
World War II,1939,560,South Africa,375,Finland,0,0.005051423,Christianity,Christianity,FALSE,,,,
World War II,1939,560,South Africa,325,Italy,0,0.011998628,Christianity,Christianity,TRUE,,,,
World War II,1939,560,South Africa,360,Romania,0,0,Christianity,Christianity,FALSE,,,,
World War II,1939,560,South Africa,355,Bulgaria,0,0,Christianity,Christianity,FALSE,,,,
World War II,1939,560,South Africa,255,Germany,0,0.024526124,Christianity,Christianity,TRUE,,,,
World War II,1939,560,South Africa,740,Japan,0,0.025037085,Christianity,Shinto,FALSE,,,,
World War II,1941,530,Ethiopia,310,Hungary,0,0,Christianity,Christianity,FALSE,,,,
World War II,1941,530,Ethiopia,220,France,0,0,Christianity,Christianity,TRUE,,,,
World War II,1941,530,Ethiopia,375,Finland,0,0.002668533,Christianity,Christianity,FALSE,,,,
World War II,1941,530,Ethiopia,325,Italy,0,0,Christianity,Christianity,TRUE,,,,
World War II,1941,530,Ethiopia,360,Romania,0,0,Christianity,Christianity,FALSE,,,,
World War II,1941,530,Ethiopia,355,Bulgaria,0,0,Christianity,Christianity,FALSE,,,,
World War II,1941,530,Ethiopia,255,Germany,0,0,Christianity,Christianity,TRUE,,,,
World War II,1941,530,Ethiopia,740,Japan,0,0,Christianity,Shinto,FALSE,,,,
Russo-Finnish,1939,375,Finland,365,USSR,0,0.008177619,Christianity,Non,TRUE,,,,
Russo-Finnish,1939,365,USSR,375,Finland,1,0.005432727,Non,Christianity,TRUE,,,,
Franco-Thai,1940,220,France,800,Thailand,0,4.15E-05,Christianity,Buddhism,TRUE,,,,
Franco-Thai,1940,800,Thailand,220,France,1,0,Buddhism,Christianity,TRUE,,,,
First Kashmir,1947,750,India,770,Pakistan,1,0,Hindu,Islam,FALSE,,,,
First Kashmir,1947,770,Pakistan,750,India,0,0,Islam,Hindu,FALSE,,,,
Arab-Israeli,1948,666,Israel,651,Egypt,0,0,Judaism,Islam,FALSE,,,,
Arab-Israeli,1948,666,Israel,652,Syria,0,0,Judaism,Islam,FALSE,,,,
Arab-Israeli,1948,666,Israel,660,Lebanon,0,0,Judaism,Christianity,FALSE,,,,
Arab-Israeli,1948,666,Israel,663,Jordan,0,0,Judaism,Islam,FALSE,,,,
Arab-Israeli,1948,666,Israel,645,Iraq,0,0,Judaism,Islam,FALSE,,,,
Arab-Israeli,1948,651,Egypt,666,Israel,0,0,Islam,Judaism,FALSE,,,,
Arab-Israeli,1948,652,Syria,666,Israel,0,0,Islam,Judaism,FALSE,,,,
Arab-Israeli,1948,660,Lebanon,666,Israel,0,0,Christianity,Judaism,FALSE,,,,
Arab-Israeli,1948,663,Jordan,666,Israel,1,0,Islam,Judaism,FALSE,,,,
Arab-Israeli,1948,645,Iraq,666,Israel,0,0,Islam,Judaism,FALSE,,,,
Korean,1950,710,China,211,Belgium,0,0.018059075,Syncretic,Christianity,FALSE,,,,
Korean,1950,710,China,20,Canada,0,0.009734513,Syncretic,Christianity,FALSE,,,,
Korean,1950,710,China,100,Colombia,0,0,Syncretic,Christianity,FALSE,,,,
Korean,1950,710,China,200,United Kingdom,0,0.035575222,Syncretic,Christianity,FALSE,,,,
Korean,1950,710,China,210,Netherlands,0,0.011327434,Syncretic,Christianity,FALSE,,,,
Korean,1950,710,China,350,Greece,0,0,Syncretic,Christianity,FALSE,,,,
Korean,1950,710,China,220,France,0,0.00761062,Syncretic,Christianity,FALSE,,,,
Korean,1950,710,China,640,Turkey,0,0,Syncretic,Islam,FALSE,,,,
Korean,1950,710,China,840,Philippines,0,0.00099115,Syncretic,Christianity,FALSE,,,,
Korean,1950,710,China,800,Thailand,0,0.023696121,Syncretic,Buddhism,FALSE,,,,
Korean,1950,710,China,530,Ethiopia,0,0.000176991,Syncretic,Christianity,FALSE,,,,
Korean,1950,710,China,900,Australia,0,0.005964602,Syncretic,Christianity,FALSE,,,,
Korean,1950,710,China,732,South Korea,0,0.011935484,Syncretic,Animist,FALSE,,,,
Korean,1950,710,China,2,United States of America,0,0.202654867,Syncretic,Christianity,FALSE,,,,
Korean,1951,211,Belgium,710,China,0,0.00247895,Christianity,Syncretic,FALSE,,,,
Korean,1951,211,Belgium,731,North Korea,0,0,Christianity,Non,FALSE,,,,
Korean,1950,20,Canada,710,China,0,0.001743265,Christianity,Syncretic,FALSE,,,,
Korean,1950,20,Canada,731,North Korea,0,0,Christianity,Non,FALSE,,,,
Korean,1951,100,Colombia,710,China,0,0,Christianity,Syncretic,FALSE,,,,
Korean,1951,100,Colombia,731,North Korea,0,0,Christianity,Non,FALSE,,,,
Korean,1950,200,United Kingdom,710,China,0,0.003068702,Christianity,Syncretic,FALSE,,,,
Korean,1950,200,United Kingdom,731,North Korea,0,0,Christianity,Non,FALSE,,,,
Korean,1951,210,Netherlands,710,China,0,0.004028648,Christianity,Syncretic,FALSE,,,,
Korean,1951,210,Netherlands,731,North Korea,0,0,Christianity,Non,FALSE,,,,
Korean,1951,350,Greece,710,China,0,0,Christianity,Syncretic,FALSE,,,,
Korean,1951,350,Greece,731,North Korea,0,0,Christianity,Non,FALSE,,,,
Korean,1951,220,France,710,China,0,0.001150266,Christianity,Syncretic,FALSE,,,,
Korean,1951,220,France,731,North Korea,0,0,Christianity,Non,FALSE,,,,
Korean,1950,640,Turkey,710,China,0,0,Islam,Syncretic,FALSE,,,,
Korean,1950,640,Turkey,731,North Korea,0,0,Islam,Non,FALSE,,,,
Korean,1950,840,Philippines,710,China,0,0.001596579,Christianity,Syncretic,FALSE,,,,
Korean,1950,840,Philippines,731,North Korea,0,0,Christianity,Non,FALSE,,,,
Korean,1951,800,Thailand,710,China,0,0.074074074,Buddhism,Syncretic,FALSE,,,,
Korean,1951,800,Thailand,731,North Korea,0,0,Buddhism,Non,FALSE,,,,
Korean,1950,731,North Korea,211,Belgium,1,0,Non,Christianity,FALSE,,,,
Korean,1950,731,North Korea,20,Canada,1,0,Non,Christianity,FALSE,,,,
Korean,1950,731,North Korea,100,Colombia,1,0,Non,Christianity,FALSE,,,,
Korean,1950,731,North Korea,200,United Kingdom,1,0,Non,Christianity,FALSE,,,,
Korean,1950,731,North Korea,210,Netherlands,1,0,Non,Christianity,FALSE,,,,
Korean,1950,731,North Korea,350,Greece,1,0,Non,Christianity,FALSE,,,,
Korean,1950,731,North Korea,220,France,1,0,Non,Christianity,FALSE,,,,
Korean,1950,731,North Korea,640,Turkey,1,0,Non,Islam,FALSE,,,,
Korean,1950,731,North Korea,840,Philippines,1,0,Non,Christianity,FALSE,,,,
Korean,1950,731,North Korea,800,Thailand,1,0,Non,Buddhism,FALSE,,,,
Korean,1950,731,North Korea,530,Ethiopia,1,0,Non,Christianity,FALSE,,,,
Korean,1950,731,North Korea,900,Australia,1,0,Non,Christianity,FALSE,,,,
Korean,1950,731,North Korea,732,South Korea,1,0,Non,Animist,FALSE,,,,
Korean,1950,731,North Korea,2,United States of America,1,0,Non,Christianity,FALSE,,,,
Korean,1951,530,Ethiopia,710,China,0,0.002398081,Christianity,Syncretic,FALSE,,,,
Korean,1951,530,Ethiopia,731,North Korea,0,0,Christianity,Non,FALSE,,,,
Korean,1950,900,Australia,710,China,0,0.002154043,Christianity,Syncretic,FALSE,,,,
Korean,1950,900,Australia,731,North Korea,0,0,Christianity,Non,FALSE,,,,
Korean,1950,732,South Korea,710,China,0,0.025517241,Animist,Syncretic,FALSE,,,,
Korean,1950,732,South Korea,731,North Korea,0,0,Animist,Non,FALSE,,,,
Korean,1950,2,United States of America,710,China,0,0.011828512,Christianity,Syncretic,FALSE,,,,
Korean,1950,2,United States of America,731,North Korea,0,0,Christianity,Non,FALSE,,,,
Off-shore Islands,1954,710,China,713,Taiwan,1,0,Syncretic,Syncretic,FALSE,,,,
Off-shore Islands,1954,713,Taiwan,710,China,0,0,Syncretic,Syncretic,FALSE,,,,
Sinai War,1956,220,France,651,Egypt,0,0.006573876,Christianity,Islam,TRUE,,,,
Sinai War,1956,666,Israel,651,Egypt,1,0,Judaism,Islam,FALSE,,,,
Sinai War,1956,651,Egypt,220,France,0,0.065374788,Islam,Christianity,TRUE,,,,
Sinai War,1956,651,Egypt,666,Israel,0,0,Islam,Judaism,FALSE,,,,
Sinai War,1956,651,Egypt,200,United Kingdom,0,0.088798979,Islam,Christianity,TRUE,,,,
Sinai War,1956,200,United Kingdom,651,Egypt,0,0.004403379,Christianity,Islam,TRUE,,,,
Soviet Invasion of Hungary,1956,310,Hungary,365,USSR,0,0.248218147,Christianity,Non,TRUE,,,,
Soviet Invasion of Hungary,1956,365,USSR,310,Hungary,1,0.033247549,Non,Christianity,TRUE,,,,
IfniWar,1958,220,France,600,Morocco,0,0.041386934,Christianity,Islam,FALSE,,,,
IfniWar,1957,230,Spain,600,Morocco,0,0.008848207,Christianity,Islam,FALSE,,,,
IfniWar,1957,600,Morocco,220,France,1,0.577948374,Islam,Christianity,FALSE,,,,
IfniWar,1957,600,Morocco,230,Spain,1,0.016189812,Islam,Christianity,FALSE,,,,
Taiwan Straits,1958,710,China (PRC),713,Taiwan (ROC),1,0,Syncretic,Syncretic,FALSE,,,,
Taiwan Straits,1958,713,Taiwan (ROC),710,China (PRC),0,0,Syncretic,Syncretic,FALSE,,,,
Assam,1962,750,India,710,China (PRC),0,0.000783636,Hindu,Syncretic,TRUE,,,,
Assam,1962,710,China (PRC),750,India,1,0.001090226,Syncretic,Hindu,TRUE,,,,
"Vietnam War, Phase 2",1965,2,United States of America,816,Vietnam,1,0.003278991,Christianity,Non,FALSE,,,,
"Vietnam War, Phase 2",1970,811,Cambodia,816,Vietnam,0,0.055301081,Buddhism,Non,FALSE,,,,
"Vietnam War, Phase 2",1965,732,South Korea,816,Vietnam,0,0.023649728,Animist,Non,FALSE,,,,
"Vietnam War, Phase 2",1966,840,Philippines,816,Vietnam,0,0.000724355,Christianity,Non,FALSE,,,,
"Vietnam War, Phase 2",1965,817,South Vietnam,816,Vietnam,0,0,Buddhism,Non,FALSE,,,,
"Vietnam War, Phase 2",1965,816,Vietnam,2,United States of America,0,1.009692511,Non,Christianity,FALSE,,,,
"Vietnam War, Phase 2",1965,816,Vietnam,811,Cambodia,0,0.003673702,Non,Buddhism,FALSE,,,,
"Vietnam War, Phase 2",1965,816,Vietnam,732,South Korea,0,0.090617978,Non,Animist,FALSE,,,,
"Vietnam War, Phase 2",1965,816,Vietnam,840,Philippines,0,0,Non,Christianity,FALSE,,,,
"Vietnam War, Phase 2",1965,816,Vietnam,817,South Vietnam,0,0,Non,Buddhism,FALSE,,,,
"Vietnam War, Phase 2",1965,816,Vietnam,800,Thailand,0,0.060616077,Non,Buddhism,FALSE,,,,
"Vietnam War, Phase 2",1965,816,Vietnam,900,Australia,0,0.02877733,Non,Christianity,FALSE,,,,
"Vietnam War, Phase 2",1967,800,Thailand,816,Vietnam,0,0.006142365,Buddhism,Non,FALSE,,,,
"Vietnam War, Phase 2",1965,900,Australia,816,Vietnam,0,0.000714639,Christianity,Non,FALSE,,,,
Second Kashmir,1965,750,India,770,Pakistan,0,0.010735919,Hindu,Islam,TRUE,,,,
Second Kashmir,1965,770,Pakistan,750,India,1,0.030474113,Islam,Hindu,TRUE,,,,
Six Day War,1967,666,Israel,651,Egypt,1,0,Judaism,Islam,FALSE,,,,
Six Day War,1967,666,Israel,663,Jordan,1,0,Judaism,Islam,FALSE,,,,
Six Day War,1967,666,Israel,652,Syria,1,0,Judaism,Islam,FALSE,,,,
Six Day War,1967,651,Egypt,666,Israel,0,0,Islam,Judaism,FALSE,,,,
Six Day War,1967,663,Jordan,666,Israel,0,0,Islam,Judaism,FALSE,,,,
Six Day War,1967,652,Syria,666,Israel,0,0,Islam,Judaism,FALSE,,,,
"Second Laotian, Phase 2",1968,2,United States of America,816,Vietnam,0,0.001347548,Christianity,Non,FALSE,,,,
"Second Laotian, Phase 2",1970,800,Thailand,816,Vietnam,0,0.005277702,Buddhism,Non,FALSE,,,,
"Second Laotian, Phase 2",1968,812,Laos,816,Vietnam,0,3.35E-05,Buddhism,Non,TRUE,,,,
"Second Laotian, Phase 2",1968,816,Vietnam,2,United States of America,1,1.019703282,Non,Christianity,FALSE,,,,
"Second Laotian, Phase 2",1968,816,Vietnam,800,Thailand,1,0.094134448,Non,Buddhism,FALSE,,,,
"Second Laotian, Phase 2",1968,816,Vietnam,812,Laos,1,2.16E-05,Non,Buddhism,TRUE,,,,
War of Attrition,1969,651,Egypt,666,Israel,1,0,Islam,Judaism,FALSE,,,,
War of Attrition,1969,666,Israel,651,Egypt,0,0,Judaism,Islam,FALSE,,,,
Football War,1969,91,Honduras,92,El Salvador,0,0.056263451,Christianity,Christianity,TRUE,,,,
Football War,1969,92,El Salvador,91,Honduras,1,0.048178366,Christianity,Christianity,TRUE,,,,
Communist Coalition,1970,816,Vietnam,2,United States of America,1,1.003141622,Non,Christianity,FALSE,,,,
Communist Coalition,1970,816,Vietnam,811,Cambodia,1,0.019246321,Non,Buddhism,FALSE,,,,
Communist Coalition,1970,816,Vietnam,817,South Vietnam,1,0,Non,Buddhism,FALSE,,,,
Communist Coalition,1970,2,United States of America,816,Vietnam,0,0.003002748,Christianity,Non,FALSE,,,,
Communist Coalition,1970,811,Cambodia,816,Vietnam,0,0.055301081,Buddhism,Non,FALSE,,,,
Communist Coalition,1970,817,South Vietnam,816,Vietnam,0,0,Buddhism,Non,FALSE,,,,
Bangladesh,1971,750,India,770,Pakistan,0,7.52E-05,Hindu,Islam,TRUE,,,,
Bangladesh,1971,770,Pakistan,750,India,1,0.000215051,Islam,Hindu,TRUE,,,,
Yom Kippur War,1973,651,Egypt,666,Israel,1,0,Islam,Judaism,FALSE,,,,
Yom Kippur War,1973,670,Saudi Arabia,666,Israel,0,0,Islam,Judaism,FALSE,,,,
Yom Kippur War,1973,666,Israel,651,Egypt,0,0,Judaism,Islam,FALSE,,,,
Yom Kippur War,1973,666,Israel,670,Saudi Arabia,0,0,Judaism,Islam,FALSE,,,,
Yom Kippur War,1973,666,Israel,663,Jordan,0,0,Judaism,Islam,FALSE,,,,
Yom Kippur War,1973,666,Israel,652,Syria,0,0,Judaism,Islam,FALSE,,,,
Yom Kippur War,1973,666,Israel,645,Iraq,0,0,Judaism,Islam,FALSE,,,,
Yom Kippur War,1973,663,Jordan,666,Israel,0,0,Islam,Judaism,FALSE,,,,
Yom Kippur War,1973,652,Syria,666,Israel,1,0,Islam,Judaism,FALSE,,,,
Yom Kippur War,1973,645,Iraq,666,Israel,0,0,Islam,Judaism,FALSE,,,,
Turco-Cypriot,1974,640,Turkey,352,Cyprus,1,0.001085757,Islam,Christianity,TRUE,,,,
Turco-Cypriot,1974,352,Cyprus,640,Turkey,0,0.010148262,Christianity,Islam,TRUE,,,,
War over Angola,1975,40,Cuba,560,South Africa,0,0,Christianity,Christianity,FALSE,,,,
War over Angola,1975,40,Cuba,490,Democratic Republic of the Congo,0,0,Christianity,Christianity,TRUE,,,,
War over Angola,1975,560,South Africa,40,Cuba,1,0,Christianity,Christianity,FALSE,,,,
War over Angola,1975,560,South Africa,540,Angola,1,0,Christianity,Christianity,FALSE,,,,
War over Angola,1975,490,Democratic Republic of the Congo,40,Cuba,0,0,Christianity,Christianity,TRUE,,,,
War over Angola,1975,490,Democratic Republic of the Congo,540,Angola,0,0.004784689,Christianity,Christianity,FALSE,,,,
War over Angola,1975,540,Angola,560,South Africa,0,0,Christianity,Christianity,FALSE,,,,
War over Angola,1975,540,Angola,490,Democratic Republic of the Congo,0,0,Christianity,Christianity,FALSE,,,,
"Second Ogaden War, Phase 2",1977,530,Ethiopia,520,Somalia,0,0.00838352,Christianity,Islam,TRUE,,,,
"Second Ogaden War, Phase 2",1977,40,Cuba,520,Somalia,0,0,Christianity,Islam,FALSE,,,,
"Second Ogaden War, Phase 2",1977,520,Somalia,530,Ethiopia,1,0.019825721,Islam,Christianity,TRUE,,,,
"Second Ogaden War, Phase 2",1977,520,Somalia,40,Cuba,1,0,Islam,Christianity,FALSE,,,,
Vietnamese-Cambodian,1977,816,Vietnam,811,Cambodia,0,0.000237863,Non,Buddhism,FALSE,,,,
Vietnamese-Cambodian,1977,811,Cambodia,816,Vietnam,1,0.001085576,Buddhism,Non,FALSE,,,,
Ugandian-Tanzanian,1978,500,Uganda,510,Tanzania,1,0.00402426,Christianity,Christianity,FALSE,,,,
Ugandian-Tanzanian,1978,510,Tanzania,500,Uganda,0,0.001256904,Christianity,Christianity,FALSE,,,,
Ugandian-Tanzanian,1978,510,Tanzania,620,Libya,0,0,Christianity,Islam,FALSE,,,,
Ugandian-Tanzanian,1979,620,Libya,510,Tanzania,0,5.14E-07,Islam,Christianity,FALSE,,,,
Sino-Vietnamese Punitive,1979,710,China,816,Vietnam,1,0,Syncretic,Non,TRUE,,,,
Sino-Vietnamese Punitive,1979,816,Vietnam,710,China,0,0,Non,Syncretic,TRUE,,,,
Iran-Iraq,1980,645,Iraq,630,Iran,1,0.001401129,Islam,Islam,TRUE,,,,
Iran-Iraq,1980,630,Iran,645,Iraq,0,0.000659009,Islam,Islam,TRUE,,,,
Falkland Islands,1982,200,United Kingdom,160,Argentina,0,0.000893585,Christianity,Christianity,TRUE,,,,
Falkland Islands,1982,160,Argentina,200,United Kingdom,1,0.013547131,Christianity,Christianity,TRUE,,,,
War over Lebanon,1982,666,Israel,652,Syria,1,0,Judaism,Islam,FALSE,,,,
War over Lebanon,1982,652,Syria,666,Israel,0,0,Islam,Judaism,FALSE,,,,
War over the Aouzou Strip,1986,483,Chad,620,Libya,1,0,Islam,Islam,TRUE,,,,
War over the Aouzou Strip,1986,620,Libya,483,Chad,0,0,Islam,Islam,TRUE,,,,
Sino-Vietnamese Border War,1987,816,Vietnam,710,China,0,0,Non,Syncretic,TRUE,,,,
Sino-Vietnamese Border War,1987,710,China,816,Vietnam,1,0,Syncretic,Non,TRUE,,,,
Gulf War,1990,690,Kuwait,645,Iraq,0,0.022063894,Islam,Islam,TRUE,,,,
Gulf War,1991,2,United States of America,645,Iraq,0,4.51E-07,Christianity,Islam,TRUE,,,,
Gulf War,1991,20,Canada,645,Iraq,0,0.000559419,Christianity,Islam,TRUE,,,,
Gulf War,1991,200,United Kingdom,645,Iraq,0,0.000943289,Christianity,Islam,TRUE,,,,
Gulf War,1991,325,Italy,645,Iraq,0,4.90E-05,Christianity,Islam,TRUE,,,,
Gulf War,1991,600,Morocco,645,Iraq,0,0,Islam,Islam,TRUE,,,,
Gulf War,1990,645,Iraq,690,Kuwait,1,0.016247228,Islam,Islam,TRUE,,,,
Gulf War,1990,645,Iraq,2,United States of America,1,0.234630042,Islam,Christianity,TRUE,,,,
Gulf War,1990,645,Iraq,20,Canada,1,0.017160208,Islam,Christianity,TRUE,,,,
Gulf War,1990,645,Iraq,200,United Kingdom,1,0.043260504,Islam,Christianity,TRUE,,,,
Gulf War,1990,645,Iraq,325,Italy,1,0.038301767,Islam,Christianity,TRUE,,,,
Gulf War,1990,645,Iraq,600,Morocco,1,0.013916536,Islam,Islam,TRUE,,,,
Gulf War,1990,645,Iraq,651,Egypt,1,0.002484734,Islam,Islam,TRUE,,,,
Gulf War,1990,645,Iraq,698,Oman,1,0.006747219,Islam,Islam,TRUE,,,,
Gulf War,1990,645,Iraq,220,France,1,0.05778189,Islam,Christianity,TRUE,,,,
Gulf War,1990,645,Iraq,696,United Arab Emirates,1,0.005270573,Islam,Islam,TRUE,,,,
Gulf War,1990,645,Iraq,694,Qatar,1,0,Islam,Islam,TRUE,,,,
Gulf War,1990,645,Iraq,670,Saudi Arabia,1,0.00961833,Islam,Islam,TRUE,,,,
Gulf War,1990,645,Iraq,652,Syria,1,0,Islam,Islam,FALSE,,,,
Gulf War,1991,651,Egypt,645,Iraq,0,0.00036122,Islam,Islam,TRUE,,,,
Gulf War,1991,698,Oman,645,Iraq,0,0,Islam,Islam,TRUE,,,,
Gulf War,1991,220,France,645,Iraq,0,4.69E-05,Christianity,Islam,TRUE,,,,
Gulf War,1991,696,United Arab Emirates,645,Iraq,0,0,Islam,Islam,TRUE,,,,
Gulf War,1991,694,Qatar,645,Iraq,0,0,Islam,Islam,TRUE,,,,
Gulf War,1991,670,Saudi Arabia,645,Iraq,0,2.65E-06,Islam,Islam,TRUE,,,,
Gulf War,1991,652,Syria,645,Iraq,0,4.23E-06,Islam,Islam,FALSE,,,,
Bosnian Independence,1992,344,Croatia,345,Yugoslavia,0,0,Christianity,Christianity,FALSE,,,,
Bosnian Independence,1992,346,Bosnia,345,Yugoslavia,0,0,Christianity,Christianity,FALSE,,,,
Bosnian Independence,1992,345,Yugoslavia,344,Croatia,1,0,Christianity,Christianity,FALSE,,,,
Bosnian Independence,1992,345,Yugoslavia,346,Bosnia,1,0,Christianity,Christianity,FALSE,,,,
Azeri-Armenian,1993,373,Azerbaijan,371,Armenia,0,2.96E-05,Islam,Christianity,FALSE,,,,
Azeri-Armenian,1993,371,Armenia,373,Azerbaijan,1,0.000112154,Christianity,Islam,FALSE,,,,
Cenepa Valley,1995,130,Ecuador,135,Peru,1,0.014801439,Christianity,Christianity,TRUE,,,,
Cenepa Valley,1995,135,Peru,130,Ecuador,0,0.009167331,Christianity,Christianity,TRUE,,,,
Badme Border,1998,531,Eritrea,530,Ethiopia,1,0,Christianity,Christianity,TRUE,,,,
Badme Border,1998,530,Ethiopia,531,Eritrea,0,0,Christianity,Christianity,TRUE,,,,
War for Kosovo,1999,640,Turkey,345,Yugoslavia,1,0.004352236,Islam,Christianity,TRUE,,,,
War for Kosovo,1999,325,Italy,345,Yugoslavia,1,0.015282573,Christianity,Christianity,TRUE,,,,
War for Kosovo,1999,200,United Kingdom,345,Yugoslavia,1,0.00110204,Christianity,Christianity,TRUE,,,,
War for Kosovo,1999,2,United States of America,345,Yugoslavia,1,0.000836211,Christianity,Christianity,TRUE,,,,
War for Kosovo,1999,210,Netherlands,345,Yugoslavia,1,0.002201894,Christianity,Christianity,TRUE,,,,
War for Kosovo,1999,220,France,345,Yugoslavia,1,0.003559965,Christianity,Christianity,TRUE,,,,
War for Kosovo,1999,345,Yugoslavia,640,Turkey,0,0.007276286,Christianity,Islam,TRUE,,,,
War for Kosovo,1999,345,Yugoslavia,325,Italy,0,0.238764595,Christianity,Christianity,TRUE,,,,
War for Kosovo,1999,345,Yugoslavia,200,United Kingdom,0,0.0194591,Christianity,Christianity,TRUE,,,,
War for Kosovo,1999,345,Yugoslavia,2,United States of America,0,0.035875606,Christianity,Christianity,TRUE,,,,
War for Kosovo,1999,345,Yugoslavia,210,Netherlands,0,0.025358128,Christianity,Christianity,TRUE,,,,
War for Kosovo,1999,345,Yugoslavia,220,France,0,0.072783065,Christianity,Christianity,TRUE,,,,
War for Kosovo,1999,345,Yugoslavia,255,Germany,0,0.307921363,Christianity,Christianity,TRUE,,,,
War for Kosovo,1999,255,Germany,345,Yugoslavia,1,0.008655761,Christianity,Christianity,TRUE,,,,
Kargil War,1999,750,India,770,Pakistan,0,0.002849751,Hindu,Islam,TRUE,,,,
Kargil War,1999,770,Pakistan,750,India,1,0.0127457,Islam,Hindu,TRUE,,,,
Invasion of Afghanistan,2001,20,Canada,700,Afghanistan,0,8.08E-07,Christianity,Islam,FALSE,,,,
Invasion of Afghanistan,2001,220,France,700,Afghanistan,0,8.66E-06,Christianity,Islam,TRUE,,,,
Invasion of Afghanistan,2001,200,United Kingdom,700,Afghanistan,1,1.16E-05,Christianity,Islam,TRUE,,,,
Invasion of Afghanistan,2001,2,United States of America,700,Afghanistan,1,2.82E-05,Christianity,Islam,TRUE,,,,
Invasion of Afghanistan,2001,900,Australia,700,Afghanistan,0,3.34E-06,Christianity,Islam,FALSE,,,,
Invasion of Afghanistan,2001,700,Afghanistan,20,Canada,0,0.000636944,Islam,Christianity,FALSE,,,,
Invasion of Afghanistan,2001,700,Afghanistan,220,France,0,0.008811933,Islam,Christianity,TRUE,,,,
Invasion of Afghanistan,2001,700,Afghanistan,200,United Kingdom,0,0.010737417,Islam,Christianity,TRUE,,,,
Invasion of Afghanistan,2001,700,Afghanistan,2,United States of America,0,0.084101652,Islam,Christianity,TRUE,,,,
Invasion of Afghanistan,2001,700,Afghanistan,900,Australia,0,0.000679554,Islam,Christianity,FALSE,,,,
Invasion of Iraq,2003,900,Australia,645,Iraq,1,0.002456976,Christianity,Islam,TRUE,,,,
Invasion of Iraq,2003,200,United Kingdom,645,Iraq,1,0.000344998,Christianity,Islam,FALSE,,,,
Invasion of Iraq,2003,2,United States of America,645,Iraq,1,0.002592406,Christianity,Islam,FALSE,,,,
Invasion of Iraq,2003,645,Iraq,900,Australia,0,0.031715591,Islam,Christianity,TRUE,,,,
Invasion of Iraq,2003,645,Iraq,200,United Kingdom,0,0.018712746,Islam,Christianity,FALSE,,,,
Invasion of Iraq,2003,645,Iraq,2,United States of America,0,0.413748338,Islam,Christianity,FALSE,,,,
