,WarName,Year,Ccode1,Player1,Ccode2,Player2,Diplomatic
1,Franco-Spanish War,1823,230,Spain,220,France,True
2,Franco-Spanish War,1823,220,France,230,Spain,True
5,First Russo-Turkish,1828,640,Ottoman Empire,365,Russia,True
6,First Russo-Turkish,1828,365,Russia,640,Ottoman Empire,True
9,Mexican-American,1846,70,Mexico,2,United States of America,True
10,Mexican-American,1846,2,United States of America,70,Mexico,True
14,Austro-Sardinian,1848,337,Tuscany,300,Austria,True
18,Austro-Sardinian,1848,325,Italy,300,Austria,True
20,Austro-Sardinian,1848,300,Austria,337,Tuscany,True
21,Austro-Sardinian,1848,300,Austria,325,Italy,True
23,Austro-Sardinian,1848,300,Austria,332,Modena,True
26,Austro-Sardinian,1848,332,Modena,300,Austria,True
29,First Schleswig-Holstein,1848,255,Prussia,390,Denmark,True
30,First Schleswig-Holstein,1848,390,Denmark,255,Prussia,True
35,Roman Republic,1849,220,France,327,Papal States,True
39,Roman Republic,1849,329,Two Sicilies,327,Papal States,False
43,Roman Republic,1849,300,Austria,327,Papal States,True
44,Roman Republic,1849,327,Papal States,220,France,True
45,Roman Republic,1849,327,Papal States,329,Two Sicilies,False
46,Roman Republic,1849,327,Papal States,300,Austria,True
49,La Plata,1851,160,Argentina,140,Brazil,True
50,La Plata,1851,140,Brazil,160,Argentina,True
56,Crimean,1853,640,Turkey,365,Russia,True
61,Crimean,1855,325,Italy,365,Russia,True
66,Crimean,1854,220,France,365,Russia,True
71,Crimean,1854,200,United Kingdom,365,Russia,True
72,Crimean,1853,365,Russia,640,Turkey,True
73,Crimean,1853,365,Russia,325,Italy,True
74,Crimean,1853,365,Russia,220,France,True
75,Crimean,1853,365,Russia,200,United Kingdom,True
78,Anglo-Persian,1856,200,United Kingdom,630,Iran,False
79,Anglo-Persian,1856,630,Iran,200,United Kingdom,False
82,Italian Unification,1859,325,Sardinia/Piedmont,300,Austria,True
84,Italian Unification,1859,300,Austria,325,Sardinia/Piedmont,True
86,Italian Unification,1859,300,Austria,220,France,True
88,Italian Unification,1859,220,France,300,Austria,True
91,First Spanish-Moroccan,1859,600,Morocco,230,Spain,False
92,First Spanish-Moroccan,1859,230,Spain,600,Morocco,False
95,Italian-Roman,1860,325,Sardinia/Piedmont,327,Papal States,True
96,Italian-Roman,1860,327,Papal States,325,Sardinia/Piedmont,True
99,Neapolitan,1860,329,Two Sicilies,325,Sardinia/Piedmont,True
100,Neapolitan,1860,325,Sardinia/Piedmont,329,Two Sicilies,True
103,Franco-Mexican,1862,70,Mexico,220,France,True
104,Franco-Mexican,1862,220,France,70,Mexico,True
107,Ecuadorian-Colombian,1863,100,Colombia,130,Ecuador,False
108,Ecuadorian-Colombian,1863,130,Ecuador,100,Colombia,False
111,Second Schleswig-Holstein,1864,255,Germany,390,Denmark,True
113,Second Schleswig-Holstein,1864,390,Denmark,255,Germany,True
115,Second Schleswig-Holstein,1864,390,Denmark,300,Austria,True
117,Second Schleswig-Holstein,1864,300,Austria,390,Denmark,True
120,Lopez,1865,160,Argentina,150,Paraguay,False
122,Lopez,1864,150,Paraguay,160,Argentina,False
124,Lopez,1864,150,Paraguay,140,Brazil,False
126,Lopez,1864,140,Brazil,150,Paraguay,False
130,Naval War,1865,155,Chile,230,Spain,True
133,Naval War,1866,135,Peru,230,Spain,False
134,Naval War,1865,230,Spain,155,Chile,True
135,Naval War,1865,230,Spain,135,Peru,False
138,Seven Weeks,1866,325,Italy,275,Hesse Grand Ducal,False
139,Seven Weeks,1866,325,Italy,271,Wuerttemburg,False
140,Seven Weeks,1866,325,Italy,245,Bavaria,True
141,Seven Weeks,1866,325,Italy,300,Austria,True
144,Seven Weeks,1866,325,Italy,273,Hesse Electoral,False
145,Seven Weeks,1866,325,Italy,269,Saxony,True
146,Seven Weeks,1866,325,Italy,267,Baden,False
147,Seven Weeks,1866,325,Italy,240,Hanover,False
148,Seven Weeks,1866,275,Hesse Grand Ducal,325,Italy,False
153,Seven Weeks,1866,275,Hesse Grand Ducal,255,Germany,True
154,Seven Weeks,1866,275,Hesse Grand Ducal,280,Mecklenburg Schwerin,False
159,Seven Weeks,1866,271,Wuerttemburg,325,Italy,False
164,Seven Weeks,1866,271,Wuerttemburg,255,Germany,True
165,Seven Weeks,1866,271,Wuerttemburg,280,Mecklenburg Schwerin,False
170,Seven Weeks,1866,245,Bavaria,325,Italy,True
175,Seven Weeks,1866,245,Bavaria,255,Germany,True
176,Seven Weeks,1866,245,Bavaria,280,Mecklenburg Schwerin,False
181,Seven Weeks,1866,300,Austria,325,Italy,True
186,Seven Weeks,1866,300,Austria,255,Germany,True
187,Seven Weeks,1866,300,Austria,280,Mecklenburg Schwerin,True
193,Seven Weeks,1866,255,Germany,275,Hesse Grand Ducal,True
194,Seven Weeks,1866,255,Germany,271,Wuerttemburg,True
195,Seven Weeks,1866,255,Germany,245,Bavaria,True
196,Seven Weeks,1866,255,Germany,300,Austria,True
199,Seven Weeks,1866,255,Germany,273,Hesse Electoral,True
200,Seven Weeks,1866,255,Germany,269,Saxony,True
201,Seven Weeks,1866,255,Germany,267,Baden,True
202,Seven Weeks,1866,255,Germany,240,Hanover,True
204,Seven Weeks,1866,280,Mecklenburg Schwerin,275,Hesse Grand Ducal,False
205,Seven Weeks,1866,280,Mecklenburg Schwerin,271,Wuerttemburg,False
206,Seven Weeks,1866,280,Mecklenburg Schwerin,245,Bavaria,False
207,Seven Weeks,1866,280,Mecklenburg Schwerin,300,Austria,True
210,Seven Weeks,1866,280,Mecklenburg Schwerin,273,Hesse Electoral,False
211,Seven Weeks,1866,280,Mecklenburg Schwerin,269,Saxony,False
212,Seven Weeks,1866,280,Mecklenburg Schwerin,267,Baden,False
213,Seven Weeks,1866,280,Mecklenburg Schwerin,240,Hanover,False
214,Seven Weeks,1866,273,Hesse Electoral,325,Italy,False
219,Seven Weeks,1866,273,Hesse Electoral,255,Germany,True
220,Seven Weeks,1866,273,Hesse Electoral,280,Mecklenburg Schwerin,False
225,Seven Weeks,1866,269,Saxony,325,Italy,True
230,Seven Weeks,1866,269,Saxony,255,Germany,True
231,Seven Weeks,1866,269,Saxony,280,Mecklenburg Schwerin,False
236,Seven Weeks,1866,267,Baden,325,Italy,False
241,Seven Weeks,1866,267,Baden,255,Germany,True
242,Seven Weeks,1866,267,Baden,280,Mecklenburg Schwerin,False
247,Seven Weeks,1866,240,Hanover,325,Italy,False
252,Seven Weeks,1866,240,Hanover,255,Germany,True
253,Seven Weeks,1866,240,Hanover,280,Mecklenburg Schwerin,False
262,Franco-Prussian,1870,271,Wuerttemburg,220,France,True
267,Franco-Prussian,1870,267,Baden,220,France,True
272,Franco-Prussian,1870,255,Germany,220,France,True
277,Franco-Prussian,1870,245,Bavaria,220,France,True
278,Franco-Prussian,1870,220,France,271,Wuerttemburg,True
279,Franco-Prussian,1870,220,France,267,Baden,True
280,Franco-Prussian,1870,220,France,255,Germany,True
281,Franco-Prussian,1870,220,France,245,Bavaria,True
284,First Central American,1876,90,Guatemala,92,El Salvador,False
285,First Central American,1876,92,El Salvador,90,Guatemala,False
288,Second Russo-Turkish,1877,640,Turkey,365,Russia,True
289,Second Russo-Turkish,1877,365,Russia,640,Turkey,True
292,War of the Pacific,1879,155,Chile,135,Peru,True
293,War of the Pacific,1879,155,Chile,145,Bolivia,True
294,War of the Pacific,1879,135,Peru,155,Chile,True
297,War of the Pacific,1879,145,Bolivia,155,Chile,True
301,Conquest of Egypt,1882,651,Egypt,200,United Kingdom,False
302,Conquest of Egypt,1882,200,United Kingdom,651,Egypt,False
305,Sino-French,1884,220,France,710,China,True
306,Sino-French,1884,710,China,220,France,True
309,Second Central American,1885,92,El Salvador,90,Guatemala,True
310,Second Central American,1885,90,Guatemala,92,El Salvador,True
313,First Sino-Japanese,1894,710,China,740,Japan,True
314,First Sino-Japanese,1894,740,Japan,710,China,True
317,Greco-Turkish,1897,350,Greece,640,Turkey,True
318,Greco-Turkish,1897,640,Turkey,350,Greece,True
321,Spanish-American,1898,230,Spain,2,United States of America,True
322,Spanish-American,1898,2,United States of America,230,Spain,True
327,Boxer Rebellion,1900,365,Russia,710,China,True
333,Boxer Rebellion,1900,740,Japan,710,China,True
339,Boxer Rebellion,1900,2,United States of America,710,China,True
342,Boxer Rebellion,1900,710,China,365,Russia,True
343,Boxer Rebellion,1900,710,China,740,Japan,True
344,Boxer Rebellion,1900,710,China,2,United States of America,True
346,Boxer Rebellion,1900,710,China,200,United Kingdom,True
347,Boxer Rebellion,1900,710,China,220,France,True
351,Boxer Rebellion,1900,200,United Kingdom,710,China,True
357,Boxer Rebellion,1900,220,France,710,China,True
361,Sino-Russian,1900,365,Russia,710,China,True
362,Sino-Russian,1900,710,China,365,Russia,True
365,Russo-Japanese,1904,740,Japan,365,Russia,True
366,Russo-Japanese,1904,365,Russia,740,Japan,True
370,Third Central American,1906,91,Honduras,90,Guatemala,False
373,Third Central American,1906,92,El Salvador,90,Guatemala,True
374,Third Central American,1906,90,Guatemala,91,Honduras,False
375,Third Central American,1906,90,Guatemala,92,El Salvador,True
378,Fourth Central American,1907,93,Nicaragua,92,El Salvador,False
379,Fourth Central American,1907,93,Nicaragua,91,Honduras,False
380,Fourth Central American,1907,92,El Salvador,93,Nicaragua,False
383,Fourth Central American,1907,91,Honduras,93,Nicaragua,False
387,Second Spanish-Moroccan,1909,230,Spain,600,Morocco,True
388,Second Spanish-Moroccan,1909,600,Morocco,230,Spain,True
391,Italian-Turkish,1911,325,Italy,640,Turkey,True
392,Italian-Turkish,1911,640,Turkey,325,Italy,True
395,First Balkan,1912,640,Turkey,350,Greece,True
396,First Balkan,1912,640,Turkey,355,Bulgaria,True
397,First Balkan,1912,640,Turkey,345,Yugoslavia,True
398,First Balkan,1912,350,Greece,640,Turkey,True
402,First Balkan,1912,355,Bulgaria,640,Turkey,True
406,First Balkan,1912,345,Yugoslavia,640,Turkey,True
413,Second Balkan,1913,640,Turkey,355,Bulgaria,True
418,Second Balkan,1913,345,Yugoslavia,355,Bulgaria,True
423,Second Balkan,1913,350,Greece,355,Bulgaria,False
425,Second Balkan,1913,355,Bulgaria,640,Turkey,True
426,Second Balkan,1913,355,Bulgaria,345,Yugoslavia,True
427,Second Balkan,1913,355,Bulgaria,350,Greece,False
429,Second Balkan,1913,355,Bulgaria,360,Romania,False
433,Second Balkan,1913,360,Romania,355,Bulgaria,False
437,World War I,1914,345,Yugoslavia,355,Bulgaria,True
441,World War I,1914,345,Yugoslavia,640,Turkey,True
443,World War I,1914,345,Yugoslavia,255,Germany,True
446,World War I,1914,345,Yugoslavia,300,Austria-Hungary,True
452,World War I,1914,365,Russia,355,Bulgaria,True
456,World War I,1914,365,Russia,640,Turkey,True
458,World War I,1914,365,Russia,255,Germany,True
461,World War I,1914,365,Russia,300,Austria-Hungary,True
465,World War I,1915,355,Bulgaria,345,Yugoslavia,True
466,World War I,1915,355,Bulgaria,365,Russia,True
468,World War I,1915,355,Bulgaria,200,United Kingdom,True
469,World War I,1915,355,Bulgaria,740,Japan,False
470,World War I,1915,355,Bulgaria,235,Portugal,False
472,World War I,1915,355,Bulgaria,211,Belgium,True
474,World War I,1915,355,Bulgaria,350,Greece,False
475,World War I,1915,355,Bulgaria,360,Romania,True
477,World War I,1915,355,Bulgaria,220,France,True
478,World War I,1915,355,Bulgaria,325,Italy,True
479,World War I,1915,355,Bulgaria,2,United States of America,True
482,World War I,1914,200,United Kingdom,355,Bulgaria,True
486,World War I,1914,200,United Kingdom,640,Turkey,True
488,World War I,1914,200,United Kingdom,255,Germany,True
491,World War I,1914,200,United Kingdom,300,Austria-Hungary,True
497,World War I,1914,740,Japan,355,Bulgaria,False
501,World War I,1914,740,Japan,640,Turkey,False
503,World War I,1914,740,Japan,255,Germany,True
506,World War I,1914,740,Japan,300,Austria-Hungary,True
512,World War I,1916,235,Portugal,355,Bulgaria,False
516,World War I,1916,235,Portugal,640,Turkey,False
518,World War I,1916,235,Portugal,255,Germany,True
521,World War I,1916,235,Portugal,300,Austria-Hungary,True
525,World War I,1914,640,Turkey,345,Yugoslavia,True
526,World War I,1914,640,Turkey,365,Russia,True
528,World War I,1914,640,Turkey,200,United Kingdom,True
529,World War I,1914,640,Turkey,740,Japan,False
530,World War I,1914,640,Turkey,235,Portugal,False
532,World War I,1914,640,Turkey,211,Belgium,True
534,World War I,1914,640,Turkey,350,Greece,True
535,World War I,1914,640,Turkey,360,Romania,True
537,World War I,1914,640,Turkey,220,France,True
538,World War I,1914,640,Turkey,325,Italy,True
539,World War I,1914,640,Turkey,2,United States of America,True
542,World War I,1914,211,Belgium,355,Bulgaria,True
546,World War I,1914,211,Belgium,640,Turkey,True
548,World War I,1914,211,Belgium,255,Germany,True
551,World War I,1914,211,Belgium,300,Austria-Hungary,True
555,World War I,1914,255,Germany,345,Yugoslavia,True
556,World War I,1914,255,Germany,365,Russia,True
558,World War I,1914,255,Germany,200,United Kingdom,True
559,World War I,1914,255,Germany,740,Japan,True
560,World War I,1914,255,Germany,235,Portugal,True
562,World War I,1914,255,Germany,211,Belgium,True
564,World War I,1914,255,Germany,350,Greece,True
565,World War I,1914,255,Germany,360,Romania,True
567,World War I,1914,255,Germany,220,France,True
568,World War I,1914,255,Germany,325,Italy,True
569,World War I,1914,255,Germany,2,United States of America,True
572,World War I,1917,350,Greece,355,Bulgaria,False
576,World War I,1917,350,Greece,640,Turkey,True
578,World War I,1917,350,Greece,255,Germany,True
581,World War I,1917,350,Greece,300,Austria-Hungary,True
587,World War I,1916,360,Romania,355,Bulgaria,True
591,World War I,1916,360,Romania,640,Turkey,True
593,World War I,1916,360,Romania,255,Germany,True
596,World War I,1916,360,Romania,300,Austria-Hungary,True
600,World War I,1914,300,Austria-Hungary,345,Yugoslavia,True
601,World War I,1914,300,Austria-Hungary,365,Russia,True
603,World War I,1914,300,Austria-Hungary,200,United Kingdom,True
604,World War I,1914,300,Austria-Hungary,740,Japan,True
605,World War I,1914,300,Austria-Hungary,235,Portugal,True
607,World War I,1914,300,Austria-Hungary,211,Belgium,True
609,World War I,1914,300,Austria-Hungary,350,Greece,True
610,World War I,1914,300,Austria-Hungary,360,Romania,True
612,World War I,1914,300,Austria-Hungary,220,France,True
613,World War I,1914,300,Austria-Hungary,325,Italy,True
614,World War I,1914,300,Austria-Hungary,2,United States of America,True
617,World War I,1914,220,France,355,Bulgaria,True
621,World War I,1914,220,France,640,Turkey,True
623,World War I,1914,220,France,255,Germany,True
626,World War I,1914,220,France,300,Austria-Hungary,True
632,World War I,1915,325,Italy,355,Bulgaria,True
636,World War I,1915,325,Italy,640,Turkey,True
638,World War I,1915,325,Italy,255,Germany,True
641,World War I,1915,325,Italy,300,Austria-Hungary,True
647,World War I,1917,2,United States of America,355,Bulgaria,True
651,World War I,1917,2,United States of America,640,Turkey,True
653,World War I,1917,2,United States of America,255,Germany,True
656,World War I,1917,2,United States of America,300,Austria-Hungary,True
662,Estonian Liberation,1918,366,Estonia,365,Russia,False
665,Estonian Liberation,1918,375,Finland,365,Russia,False
666,Estonian Liberation,1918,365,Russia,366,Estonia,False
667,Estonian Liberation,1918,365,Russia,375,Finland,False
670,Latvian Liberation,1918,255,Germany,365,Russia,True
674,Latvian Liberation,1918,365,Russia,255,Germany,True
677,Latvian Liberation,1918,365,Russia,366,Estonia,False
678,Latvian Liberation,1918,365,Russia,367,Latvia,False
682,Latvian Liberation,1919,255,Germany,366,Estonia,False
683,Latvian Liberation,1919,255,Germany,367,Latvia,False
685,Latvian Liberation,1919,366,Estonia,365,Russia,False
686,Latvian Liberation,1919,366,Estonia,255,Germany,False
690,Latvian Liberation,1918,367,Latvia,365,Russia,False
691,Latvian Liberation,1918,367,Latvia,255,Germany,False
695,Russo-Polish,1919,365,Russia,290,Poland,False
696,Russo-Polish,1919,290,Poland,365,Russia,False
699,Hungarian Adversaries,1919,310,Hungary,315,Czechoslovakia,False
700,Hungarian Adversaries,1919,310,Hungary,360,Romania,False
701,Hungarian Adversaries,1919,315,Czechoslovakia,310,Hungary,False
704,Hungarian Adversaries,1919,360,Romania,310,Hungary,False
708,Second Greco-Turkish,1919,640,Turkey,350,Greece,True
709,Second Greco-Turkish,1919,350,Greece,640,Turkey,True
712,Franco-Turkish,1919,640,Turkey,220,France,True
713,Franco-Turkish,1919,220,France,640,Turkey,True
716,Lithuanian-Polish,1920,368,Lithuania,290,Poland,False
717,Lithuanian-Polish,1920,290,Poland,368,Lithuania,False
720,Manchurian,1929,365,USSR,710,China,True
721,Manchurian,1929,710,China,365,USSR,True
724,Second Sino-Japanese,1931,740,Japan,710,China,True
725,Second Sino-Japanese,1931,710,China,740,Japan,True
728,Chaco,1932,145,Bolivia,150,Paraguay,True
729,Chaco,1932,150,Paraguay,145,Bolivia,True
732,Saudi-Yemeni,1934,670,Saudi Arabia,678,Yemen Arab Republic,False
733,Saudi-Yemeni,1934,678,Yemen Arab Republic,670,Saudi Arabia,False
736,Conquest of Ethiopia,1935,325,Italy,530,Ethiopia,True
737,Conquest of Ethiopia,1935,530,Ethiopia,325,Italy,True
740,Third Sino-Japanese,1937,710,China,740,Japan,True
741,Third Sino-Japanese,1937,740,Japan,710,China,True
744,Changkufeng,1938,365,USSR,740,Japan,True
745,Changkufeng,1938,740,Japan,365,USSR,True
749,Nomonhan,1939,365,USSR,740,Japan,True
752,Nomonhan,1939,712,Mongolia,740,Japan,False
753,Nomonhan,1939,740,Japan,365,USSR,True
754,Nomonhan,1939,740,Japan,712,Mongolia,False
757,World War II,1941,310,Hungary,211,Belgium,True
759,World War II,1941,310,Hungary,345,Yugoslavia,True
761,World War II,1941,310,Hungary,385,Norway,True
762,World War II,1941,310,Hungary,20,Canada,False
763,World War II,1941,310,Hungary,2,United States of America,True
764,World War II,1941,310,Hungary,200,United Kingdom,True
765,World War II,1941,310,Hungary,210,Netherlands,True
767,World War II,1941,310,Hungary,360,Romania,True
770,World War II,1941,310,Hungary,355,Bulgaria,True
771,World War II,1941,310,Hungary,350,Greece,True
772,World War II,1941,310,Hungary,140,Brazil,True
773,World War II,1941,310,Hungary,325,Italy,True
774,World War II,1941,310,Hungary,900,Australia,False
775,World War II,1941,310,Hungary,920,New Zealand,False
776,World War II,1941,310,Hungary,365,USSR,True
778,World War II,1941,310,Hungary,290,Poland,True
779,World War II,1941,310,Hungary,220,France,True
781,World War II,1941,310,Hungary,712,Mongolia,False
782,World War II,1941,310,Hungary,710,China,False
783,World War II,1941,310,Hungary,560,South Africa,False
784,World War II,1941,310,Hungary,530,Ethiopia,False
785,World War II,1940,211,Belgium,310,Hungary,True
787,World War II,1940,211,Belgium,220,France,True
789,World War II,1940,211,Belgium,375,Finland,True
795,World War II,1940,211,Belgium,325,Italy,True
797,World War II,1940,211,Belgium,360,Romania,True
798,World War II,1940,211,Belgium,355,Bulgaria,True
806,World War II,1940,211,Belgium,255,Germany,True
809,World War II,1940,211,Belgium,740,Japan,True
815,World War II,1940,220,France,211,Belgium,True
817,World War II,1940,220,France,345,Yugoslavia,True
819,World War II,1940,220,France,385,Norway,True
820,World War II,1940,220,France,20,Canada,True
821,World War II,1940,220,France,2,United States of America,True
822,World War II,1940,220,France,200,United Kingdom,True
823,World War II,1940,220,France,210,Netherlands,True
825,World War II,1940,220,France,360,Romania,True
828,World War II,1940,220,France,355,Bulgaria,True
829,World War II,1940,220,France,350,Greece,True
830,World War II,1940,220,France,140,Brazil,True
831,World War II,1940,220,France,325,Italy,True
832,World War II,1940,220,France,900,Australia,False
833,World War II,1940,220,France,920,New Zealand,False
834,World War II,1940,220,France,365,USSR,True
836,World War II,1940,220,France,290,Poland,True
839,World War II,1940,220,France,712,Mongolia,False
840,World War II,1940,220,France,710,China,True
841,World War II,1940,220,France,560,South Africa,True
842,World War II,1940,220,France,530,Ethiopia,True
843,World War II,1941,345,Yugoslavia,310,Hungary,True
845,World War II,1941,345,Yugoslavia,220,France,True
847,World War II,1941,345,Yugoslavia,375,Finland,True
853,World War II,1941,345,Yugoslavia,325,Italy,True
855,World War II,1941,345,Yugoslavia,360,Romania,True
856,World War II,1941,345,Yugoslavia,355,Bulgaria,True
864,World War II,1941,345,Yugoslavia,255,Germany,True
867,World War II,1941,345,Yugoslavia,740,Japan,True
873,World War II,1941,375,Finland,211,Belgium,True
875,World War II,1941,375,Finland,345,Yugoslavia,True
877,World War II,1941,375,Finland,385,Norway,True
878,World War II,1941,375,Finland,20,Canada,False
879,World War II,1941,375,Finland,2,United States of America,True
880,World War II,1941,375,Finland,200,United Kingdom,True
881,World War II,1941,375,Finland,210,Netherlands,True
883,World War II,1941,375,Finland,360,Romania,True
886,World War II,1941,375,Finland,355,Bulgaria,True
887,World War II,1941,375,Finland,350,Greece,True
888,World War II,1941,375,Finland,140,Brazil,True
889,World War II,1941,375,Finland,325,Italy,True
890,World War II,1941,375,Finland,900,Australia,False
891,World War II,1941,375,Finland,920,New Zealand,False
892,World War II,1941,375,Finland,365,USSR,True
894,World War II,1941,375,Finland,290,Poland,True
895,World War II,1941,375,Finland,220,France,True
897,World War II,1941,375,Finland,712,Mongolia,False
898,World War II,1941,375,Finland,710,China,True
899,World War II,1941,375,Finland,560,South Africa,False
900,World War II,1941,375,Finland,530,Ethiopia,False
901,World War II,1940,385,Norway,310,Hungary,True
903,World War II,1940,385,Norway,220,France,True
905,World War II,1940,385,Norway,375,Finland,True
911,World War II,1940,385,Norway,325,Italy,True
913,World War II,1940,385,Norway,360,Romania,True
914,World War II,1940,385,Norway,355,Bulgaria,True
922,World War II,1940,385,Norway,255,Germany,True
925,World War II,1940,385,Norway,740,Japan,True
930,World War II,1939,20,Canada,310,Hungary,False
932,World War II,1939,20,Canada,220,France,True
934,World War II,1939,20,Canada,375,Finland,False
940,World War II,1939,20,Canada,325,Italy,False
942,World War II,1939,20,Canada,360,Romania,False
943,World War II,1939,20,Canada,355,Bulgaria,False
951,World War II,1939,20,Canada,255,Germany,False
954,World War II,1939,20,Canada,740,Japan,True
959,World War II,1941,2,United States of America,310,Hungary,True
961,World War II,1941,2,United States of America,220,France,True
963,World War II,1941,2,United States of America,375,Finland,True
969,World War II,1941,2,United States of America,325,Italy,True
971,World War II,1941,2,United States of America,360,Romania,True
972,World War II,1941,2,United States of America,355,Bulgaria,True
980,World War II,1941,2,United States of America,255,Germany,True
983,World War II,1941,2,United States of America,740,Japan,True
988,World War II,1939,200,United Kingdom,310,Hungary,True
990,World War II,1939,200,United Kingdom,220,France,True
992,World War II,1939,200,United Kingdom,375,Finland,True
998,World War II,1939,200,United Kingdom,325,Italy,True
1000,World War II,1939,200,United Kingdom,360,Romania,True
1001,World War II,1939,200,United Kingdom,355,Bulgaria,True
1009,World War II,1939,200,United Kingdom,255,Germany,True
1012,World War II,1939,200,United Kingdom,740,Japan,True
1017,World War II,1940,210,Netherlands,310,Hungary,True
1019,World War II,1940,210,Netherlands,220,France,True
1021,World War II,1940,210,Netherlands,375,Finland,True
1027,World War II,1940,210,Netherlands,325,Italy,True
1029,World War II,1940,210,Netherlands,360,Romania,True
1030,World War II,1940,210,Netherlands,355,Bulgaria,True
1038,World War II,1940,210,Netherlands,255,Germany,True
1041,World War II,1940,210,Netherlands,740,Japan,True
1047,World War II,1940,325,Italy,211,Belgium,True
1049,World War II,1940,325,Italy,345,Yugoslavia,True
1051,World War II,1940,325,Italy,385,Norway,True
1052,World War II,1940,325,Italy,20,Canada,False
1053,World War II,1940,325,Italy,2,United States of America,True
1054,World War II,1940,325,Italy,200,United Kingdom,True
1055,World War II,1940,325,Italy,210,Netherlands,True
1057,World War II,1940,325,Italy,360,Romania,True
1060,World War II,1940,325,Italy,355,Bulgaria,True
1061,World War II,1940,325,Italy,350,Greece,True
1062,World War II,1940,325,Italy,140,Brazil,True
1064,World War II,1940,325,Italy,900,Australia,False
1065,World War II,1940,325,Italy,920,New Zealand,False
1066,World War II,1940,325,Italy,365,USSR,True
1068,World War II,1940,325,Italy,290,Poland,True
1069,World War II,1940,325,Italy,220,France,True
1071,World War II,1940,325,Italy,712,Mongolia,False
1072,World War II,1940,325,Italy,710,China,True
1073,World War II,1940,325,Italy,560,South Africa,True
1074,World War II,1940,325,Italy,530,Ethiopia,True
1075,World War II,1944,360,Romania,310,Hungary,True
1077,World War II,1944,360,Romania,220,France,True
1079,World War II,1944,360,Romania,375,Finland,True
1085,World War II,1944,360,Romania,325,Italy,True
1088,World War II,1944,360,Romania,355,Bulgaria,True
1096,World War II,1944,360,Romania,255,Germany,True
1099,World War II,1944,360,Romania,740,Japan,True
1105,World War II,1941,360,Romania,211,Belgium,True
1107,World War II,1941,360,Romania,345,Yugoslavia,True
1109,World War II,1941,360,Romania,385,Norway,True
1110,World War II,1941,360,Romania,20,Canada,False
1111,World War II,1941,360,Romania,2,United States of America,True
1112,World War II,1941,360,Romania,200,United Kingdom,True
1113,World War II,1941,360,Romania,210,Netherlands,True
1118,World War II,1941,360,Romania,355,Bulgaria,True
1119,World War II,1941,360,Romania,350,Greece,True
1120,World War II,1941,360,Romania,140,Brazil,True
1121,World War II,1941,360,Romania,325,Italy,True
1122,World War II,1941,360,Romania,900,Australia,False
1123,World War II,1941,360,Romania,920,New Zealand,False
1124,World War II,1941,360,Romania,365,USSR,True
1126,World War II,1941,360,Romania,290,Poland,True
1127,World War II,1941,360,Romania,220,France,True
1129,World War II,1941,360,Romania,712,Mongolia,False
1130,World War II,1941,360,Romania,710,China,True
1131,World War II,1941,360,Romania,560,South Africa,False
1132,World War II,1941,360,Romania,530,Ethiopia,False
1134,World War II,1941,355,Bulgaria,211,Belgium,True
1136,World War II,1941,355,Bulgaria,345,Yugoslavia,True
1138,World War II,1941,355,Bulgaria,385,Norway,True
1139,World War II,1941,355,Bulgaria,20,Canada,False
1140,World War II,1941,355,Bulgaria,2,United States of America,True
1141,World War II,1941,355,Bulgaria,200,United Kingdom,True
1142,World War II,1941,355,Bulgaria,210,Netherlands,True
1144,World War II,1941,355,Bulgaria,360,Romania,True
1148,World War II,1941,355,Bulgaria,350,Greece,True
1149,World War II,1941,355,Bulgaria,140,Brazil,True
1150,World War II,1941,355,Bulgaria,325,Italy,True
1151,World War II,1941,355,Bulgaria,900,Australia,False
1152,World War II,1941,355,Bulgaria,920,New Zealand,False
1153,World War II,1941,355,Bulgaria,365,USSR,True
1155,World War II,1941,355,Bulgaria,290,Poland,True
1156,World War II,1941,355,Bulgaria,220,France,True
1158,World War II,1941,355,Bulgaria,712,Mongolia,False
1159,World War II,1941,355,Bulgaria,710,China,False
1160,World War II,1941,355,Bulgaria,560,South Africa,False
1161,World War II,1941,355,Bulgaria,530,Ethiopia,False
1162,World War II,1944,355,Bulgaria,310,Hungary,True
1164,World War II,1944,355,Bulgaria,220,France,True
1166,World War II,1944,355,Bulgaria,375,Finland,True
1172,World War II,1944,355,Bulgaria,325,Italy,True
1174,World War II,1944,355,Bulgaria,360,Romania,True
1183,World War II,1944,355,Bulgaria,255,Germany,True
1186,World War II,1944,355,Bulgaria,740,Japan,True
1191,World War II,1940,350,Greece,310,Hungary,True
1193,World War II,1940,350,Greece,220,France,True
1195,World War II,1940,350,Greece,375,Finland,True
1201,World War II,1940,350,Greece,325,Italy,True
1203,World War II,1940,350,Greece,360,Romania,True
1204,World War II,1940,350,Greece,355,Bulgaria,True
1212,World War II,1940,350,Greece,255,Germany,True
1215,World War II,1940,350,Greece,740,Japan,True
1220,World War II,1944,140,Brazil,310,Hungary,True
1222,World War II,1944,140,Brazil,220,France,True
1224,World War II,1944,140,Brazil,375,Finland,True
1230,World War II,1944,140,Brazil,325,Italy,True
1232,World War II,1944,140,Brazil,360,Romania,True
1233,World War II,1944,140,Brazil,355,Bulgaria,True
1241,World War II,1944,140,Brazil,255,Germany,True
1244,World War II,1944,140,Brazil,740,Japan,True
1249,World War II,1943,325,Italy,310,Hungary,True
1251,World War II,1943,325,Italy,220,France,True
1253,World War II,1943,325,Italy,375,Finland,True
1261,World War II,1943,325,Italy,360,Romania,True
1262,World War II,1943,325,Italy,355,Bulgaria,True
1270,World War II,1943,325,Italy,255,Germany,True
1273,World War II,1943,325,Italy,740,Japan,True
1278,World War II,1939,900,Australia,310,Hungary,False
1280,World War II,1939,900,Australia,220,France,False
1282,World War II,1939,900,Australia,375,Finland,False
1288,World War II,1939,900,Australia,325,Italy,False
1290,World War II,1939,900,Australia,360,Romania,False
1291,World War II,1939,900,Australia,355,Bulgaria,False
1299,World War II,1939,900,Australia,255,Germany,False
1302,World War II,1939,900,Australia,740,Japan,False
1307,World War II,1939,920,New Zealand,310,Hungary,False
1309,World War II,1939,920,New Zealand,220,France,False
1311,World War II,1939,920,New Zealand,375,Finland,False
1317,World War II,1939,920,New Zealand,325,Italy,False
1319,World War II,1939,920,New Zealand,360,Romania,False
1320,World War II,1939,920,New Zealand,355,Bulgaria,False
1328,World War II,1939,920,New Zealand,255,Germany,False
1331,World War II,1939,920,New Zealand,740,Japan,False
1336,World War II,1941,365,USSR,310,Hungary,True
1338,World War II,1941,365,USSR,220,France,True
1340,World War II,1941,365,USSR,375,Finland,True
1346,World War II,1941,365,USSR,325,Italy,True
1348,World War II,1941,365,USSR,360,Romania,True
1349,World War II,1941,365,USSR,355,Bulgaria,True
1357,World War II,1941,365,USSR,255,Germany,True
1360,World War II,1941,365,USSR,740,Japan,True
1366,World War II,1939,255,Germany,211,Belgium,True
1368,World War II,1939,255,Germany,345,Yugoslavia,True
1370,World War II,1939,255,Germany,385,Norway,True
1371,World War II,1939,255,Germany,20,Canada,False
1372,World War II,1939,255,Germany,2,United States of America,True
1373,World War II,1939,255,Germany,200,United Kingdom,True
1374,World War II,1939,255,Germany,210,Netherlands,True
1376,World War II,1939,255,Germany,360,Romania,True
1379,World War II,1939,255,Germany,355,Bulgaria,True
1380,World War II,1939,255,Germany,350,Greece,True
1381,World War II,1939,255,Germany,140,Brazil,True
1382,World War II,1939,255,Germany,325,Italy,True
1383,World War II,1939,255,Germany,900,Australia,False
1384,World War II,1939,255,Germany,920,New Zealand,False
1385,World War II,1939,255,Germany,365,USSR,True
1387,World War II,1939,255,Germany,290,Poland,True
1388,World War II,1939,255,Germany,220,France,True
1390,World War II,1939,255,Germany,712,Mongolia,False
1391,World War II,1939,255,Germany,710,China,True
1392,World War II,1939,255,Germany,560,South Africa,True
1393,World War II,1939,255,Germany,530,Ethiopia,True
1394,World War II,1939,290,Poland,310,Hungary,True
1396,World War II,1939,290,Poland,220,France,True
1398,World War II,1939,290,Poland,375,Finland,True
1404,World War II,1939,290,Poland,325,Italy,True
1406,World War II,1939,290,Poland,360,Romania,True
1407,World War II,1939,290,Poland,355,Bulgaria,True
1415,World War II,1939,290,Poland,255,Germany,True
1418,World War II,1939,290,Poland,740,Japan,True
1423,World War II,1939,220,France,310,Hungary,True
1427,World War II,1939,220,France,375,Finland,True
1433,World War II,1939,220,France,325,Italy,True
1435,World War II,1939,220,France,360,Romania,True
1436,World War II,1939,220,France,355,Bulgaria,True
1444,World War II,1939,220,France,255,Germany,True
1447,World War II,1939,220,France,740,Japan,True
1453,World War II,1941,740,Japan,211,Belgium,True
1455,World War II,1941,740,Japan,345,Yugoslavia,True
1457,World War II,1941,740,Japan,385,Norway,True
1458,World War II,1941,740,Japan,20,Canada,True
1459,World War II,1941,740,Japan,2,United States of America,True
1460,World War II,1941,740,Japan,200,United Kingdom,True
1461,World War II,1941,740,Japan,210,Netherlands,True
1463,World War II,1941,740,Japan,360,Romania,True
1466,World War II,1941,740,Japan,355,Bulgaria,True
1467,World War II,1941,740,Japan,350,Greece,True
1468,World War II,1941,740,Japan,140,Brazil,True
1469,World War II,1941,740,Japan,325,Italy,True
1470,World War II,1941,740,Japan,900,Australia,True
1471,World War II,1941,740,Japan,920,New Zealand,False
1472,World War II,1941,740,Japan,365,USSR,True
1474,World War II,1941,740,Japan,290,Poland,True
1475,World War II,1941,740,Japan,220,France,True
1477,World War II,1941,740,Japan,712,Mongolia,False
1478,World War II,1941,740,Japan,710,China,True
1479,World War II,1941,740,Japan,560,South Africa,False
1480,World War II,1941,740,Japan,530,Ethiopia,False
1481,World War II,1945,712,Mongolia,310,Hungary,False
1483,World War II,1945,712,Mongolia,220,France,False
1485,World War II,1945,712,Mongolia,375,Finland,False
1491,World War II,1945,712,Mongolia,325,Italy,False
1493,World War II,1945,712,Mongolia,360,Romania,False
1494,World War II,1945,712,Mongolia,355,Bulgaria,False
1502,World War II,1945,712,Mongolia,255,Germany,False
1505,World War II,1945,712,Mongolia,740,Japan,False
1510,World War II,1941,710,China,310,Hungary,False
1512,World War II,1941,710,China,220,France,True
1514,World War II,1941,710,China,375,Finland,True
1520,World War II,1941,710,China,325,Italy,True
1522,World War II,1941,710,China,360,Romania,True
1523,World War II,1941,710,China,355,Bulgaria,False
1531,World War II,1941,710,China,255,Germany,True
1534,World War II,1941,710,China,740,Japan,True
1539,World War II,1939,560,South Africa,310,Hungary,False
1541,World War II,1939,560,South Africa,220,France,False
1543,World War II,1939,560,South Africa,375,Finland,False
1549,World War II,1939,560,South Africa,325,Italy,True
1551,World War II,1939,560,South Africa,360,Romania,False
1552,World War II,1939,560,South Africa,355,Bulgaria,False
1560,World War II,1939,560,South Africa,255,Germany,True
1563,World War II,1939,560,South Africa,740,Japan,False
1568,World War II,1941,530,Ethiopia,310,Hungary,False
1570,World War II,1941,530,Ethiopia,220,France,True
1572,World War II,1941,530,Ethiopia,375,Finland,False
1578,World War II,1941,530,Ethiopia,325,Italy,True
1580,World War II,1941,530,Ethiopia,360,Romania,False
1581,World War II,1941,530,Ethiopia,355,Bulgaria,False
1589,World War II,1941,530,Ethiopia,255,Germany,True
1592,World War II,1941,530,Ethiopia,740,Japan,False
1598,Russo-Finnish,1939,375,Finland,365,USSR,True
1599,Russo-Finnish,1939,365,USSR,375,Finland,True
1602,Franco-Thai,1940,220,France,800,Thailand,True
1603,Franco-Thai,1940,800,Thailand,220,France,True
1606,First Kashmir,1947,750,India,770,Pakistan,False
1607,First Kashmir,1947,770,Pakistan,750,India,False
1610,Arab-Israeli,1948,666,Israel,651,Egypt,False
1611,Arab-Israeli,1948,666,Israel,652,Syria,False
1612,Arab-Israeli,1948,666,Israel,660,Lebanon,False
1613,Arab-Israeli,1948,666,Israel,663,Jordan,False
1614,Arab-Israeli,1948,666,Israel,645,Iraq,False
1615,Arab-Israeli,1948,651,Egypt,666,Israel,False
1621,Arab-Israeli,1948,652,Syria,666,Israel,False
1627,Arab-Israeli,1948,660,Lebanon,666,Israel,False
1633,Arab-Israeli,1948,663,Jordan,666,Israel,False
1639,Arab-Israeli,1948,645,Iraq,666,Israel,False
1646,Korean,1950,710,China,211,Belgium,False
1647,Korean,1950,710,China,20,Canada,False
1648,Korean,1950,710,China,100,Colombia,False
1649,Korean,1950,710,China,200,United Kingdom,False
1650,Korean,1950,710,China,210,Netherlands,False
1651,Korean,1950,710,China,350,Greece,False
1652,Korean,1950,710,China,220,France,False
1653,Korean,1950,710,China,640,Turkey,False
1654,Korean,1950,710,China,840,Philippines,False
1655,Korean,1950,710,China,800,Thailand,False
1657,Korean,1950,710,China,530,Ethiopia,False
1658,Korean,1950,710,China,900,Australia,False
1659,Korean,1950,710,China,732,South Korea,False
1660,Korean,1950,710,China,2,United States of America,False
1661,Korean,1951,211,Belgium,710,China,False
1672,Korean,1951,211,Belgium,731,North Korea,False
1677,Korean,1950,20,Canada,710,China,False
1688,Korean,1950,20,Canada,731,North Korea,False
1693,Korean,1951,100,Colombia,710,China,False
1704,Korean,1951,100,Colombia,731,North Korea,False
1709,Korean,1950,200,United Kingdom,710,China,False
1720,Korean,1950,200,United Kingdom,731,North Korea,False
1725,Korean,1951,210,Netherlands,710,China,False
1736,Korean,1951,210,Netherlands,731,North Korea,False
1741,Korean,1951,350,Greece,710,China,False
1752,Korean,1951,350,Greece,731,North Korea,False
1757,Korean,1951,220,France,710,China,False
1768,Korean,1951,220,France,731,North Korea,False
1773,Korean,1950,640,Turkey,710,China,False
1784,Korean,1950,640,Turkey,731,North Korea,False
1789,Korean,1950,840,Philippines,710,China,False
1800,Korean,1950,840,Philippines,731,North Korea,False
1805,Korean,1951,800,Thailand,710,China,False
1816,Korean,1951,800,Thailand,731,North Korea,False
1822,Korean,1950,731,North Korea,211,Belgium,False
1823,Korean,1950,731,North Korea,20,Canada,False
1824,Korean,1950,731,North Korea,100,Colombia,False
1825,Korean,1950,731,North Korea,200,United Kingdom,False
1826,Korean,1950,731,North Korea,210,Netherlands,False
1827,Korean,1950,731,North Korea,350,Greece,False
1828,Korean,1950,731,North Korea,220,France,False
1829,Korean,1950,731,North Korea,640,Turkey,False
1830,Korean,1950,731,North Korea,840,Philippines,False
1831,Korean,1950,731,North Korea,800,Thailand,False
1833,Korean,1950,731,North Korea,530,Ethiopia,False
1834,Korean,1950,731,North Korea,900,Australia,False
1835,Korean,1950,731,North Korea,732,South Korea,False
1836,Korean,1950,731,North Korea,2,United States of America,False
1837,Korean,1951,530,Ethiopia,710,China,False
1848,Korean,1951,530,Ethiopia,731,North Korea,False
1853,Korean,1950,900,Australia,710,China,False
1864,Korean,1950,900,Australia,731,North Korea,False
1869,Korean,1950,732,South Korea,710,China,False
1880,Korean,1950,732,South Korea,731,North Korea,False
1885,Korean,1950,2,United States of America,710,China,False
1896,Korean,1950,2,United States of America,731,North Korea,False
1902,Off-shore Islands,1954,710,China,713,Taiwan,False
1903,Off-shore Islands,1954,713,Taiwan,710,China,False
1907,Sinai War,1956,220,France,651,Egypt,True
1911,Sinai War,1956,666,Israel,651,Egypt,False
1913,Sinai War,1956,651,Egypt,220,France,True
1914,Sinai War,1956,651,Egypt,666,Israel,False
1916,Sinai War,1956,651,Egypt,200,United Kingdom,True
1919,Sinai War,1956,200,United Kingdom,651,Egypt,True
1922,Soviet Invasion of Hungary,1956,310,Hungary,365,USSR,True
1923,Soviet Invasion of Hungary,1956,365,USSR,310,Hungary,True
1927,IfniWar,1958,220,France,600,Morocco,False
1930,IfniWar,1957,230,Spain,600,Morocco,False
1931,IfniWar,1957,600,Morocco,220,France,False
1932,IfniWar,1957,600,Morocco,230,Spain,False
1935,Taiwan Straits,1958,710,China (PRC),713,Taiwan (ROC),False
1936,Taiwan Straits,1958,713,Taiwan (ROC),710,China (PRC),False
1939,Assam,1962,750,India,710,China (PRC),True
1940,Assam,1962,710,China (PRC),750,India,True
1947,"Vietnam War, Phase 2",1965,2,United States of America,816,Vietnam,False
1955,"Vietnam War, Phase 2",1970,811,Cambodia,816,Vietnam,False
1963,"Vietnam War, Phase 2",1965,732,South Korea,816,Vietnam,False
1971,"Vietnam War, Phase 2",1966,840,Philippines,816,Vietnam,False
1979,"Vietnam War, Phase 2",1965,817,South Vietnam,816,Vietnam,False
1982,"Vietnam War, Phase 2",1965,816,Vietnam,2,United States of America,False
1983,"Vietnam War, Phase 2",1965,816,Vietnam,811,Cambodia,False
1984,"Vietnam War, Phase 2",1965,816,Vietnam,732,South Korea,False
1985,"Vietnam War, Phase 2",1965,816,Vietnam,840,Philippines,False
1986,"Vietnam War, Phase 2",1965,816,Vietnam,817,South Vietnam,False
1988,"Vietnam War, Phase 2",1965,816,Vietnam,800,Thailand,False
1989,"Vietnam War, Phase 2",1965,816,Vietnam,900,Australia,False
1995,"Vietnam War, Phase 2",1967,800,Thailand,816,Vietnam,False
2003,"Vietnam War, Phase 2",1965,900,Australia,816,Vietnam,False
2007,Second Kashmir,1965,750,India,770,Pakistan,True
2008,Second Kashmir,1965,770,Pakistan,750,India,True
2011,Six Day War,1967,666,Israel,651,Egypt,False
2012,Six Day War,1967,666,Israel,663,Jordan,False
2013,Six Day War,1967,666,Israel,652,Syria,False
2014,Six Day War,1967,651,Egypt,666,Israel,False
2018,Six Day War,1967,663,Jordan,666,Israel,False
2022,Six Day War,1967,652,Syria,666,Israel,False
2029,"Second Laotian, Phase 2",1968,2,United States of America,816,Vietnam,False
2033,"Second Laotian, Phase 2",1970,800,Thailand,816,Vietnam,False
2037,"Second Laotian, Phase 2",1968,812,Laos,816,Vietnam,True
2038,"Second Laotian, Phase 2",1968,816,Vietnam,2,United States of America,False
2039,"Second Laotian, Phase 2",1968,816,Vietnam,800,Thailand,False
2040,"Second Laotian, Phase 2",1968,816,Vietnam,812,Laos,True
2043,War of Attrition,1969,651,Egypt,666,Israel,False
2044,War of Attrition,1969,666,Israel,651,Egypt,False
2047,Football War,1969,91,Honduras,92,El Salvador,True
2048,Football War,1969,92,El Salvador,91,Honduras,True
2051,Communist Coalition,1970,816,Vietnam,2,United States of America,False
2052,Communist Coalition,1970,816,Vietnam,811,Cambodia,False
2053,Communist Coalition,1970,816,Vietnam,817,South Vietnam,False
2054,Communist Coalition,1970,2,United States of America,816,Vietnam,False
2058,Communist Coalition,1970,811,Cambodia,816,Vietnam,False
2062,Communist Coalition,1970,817,South Vietnam,816,Vietnam,False
2067,Bangladesh,1971,750,India,770,Pakistan,True
2068,Bangladesh,1971,770,Pakistan,750,India,True
2072,Yom Kippur War,1973,651,Egypt,666,Israel,False
2078,Yom Kippur War,1973,670,Saudi Arabia,666,Israel,False
2082,Yom Kippur War,1973,666,Israel,651,Egypt,False
2083,Yom Kippur War,1973,666,Israel,670,Saudi Arabia,False
2085,Yom Kippur War,1973,666,Israel,663,Jordan,False
2086,Yom Kippur War,1973,666,Israel,652,Syria,False
2087,Yom Kippur War,1973,666,Israel,645,Iraq,False
2090,Yom Kippur War,1973,663,Jordan,666,Israel,False
2096,Yom Kippur War,1973,652,Syria,666,Israel,False
2102,Yom Kippur War,1973,645,Iraq,666,Israel,False
2107,Turco-Cypriot,1974,640,Turkey,352,Cyprus,True
2108,Turco-Cypriot,1974,352,Cyprus,640,Turkey,True
2111,War over Angola,1975,40,Cuba,560,South Africa,False
2112,War over Angola,1975,40,Cuba,490,Democratic Republic of the Congo,True
2114,War over Angola,1975,560,South Africa,40,Cuba,False
2117,War over Angola,1975,560,South Africa,540,Angola,False
2118,War over Angola,1975,490,Democratic Republic of the Congo,40,Cuba,True
2121,War over Angola,1975,490,Democratic Republic of the Congo,540,Angola,False
2123,War over Angola,1975,540,Angola,560,South Africa,False
2124,War over Angola,1975,540,Angola,490,Democratic Republic of the Congo,False
2128,"Second Ogaden War, Phase 2",1977,530,Ethiopia,520,Somalia,True
2131,"Second Ogaden War, Phase 2",1977,40,Cuba,520,Somalia,False
2132,"Second Ogaden War, Phase 2",1977,520,Somalia,530,Ethiopia,True
2133,"Second Ogaden War, Phase 2",1977,520,Somalia,40,Cuba,False
2136,Vietnamese-Cambodian,1977,816,Vietnam,811,Cambodia,False
2137,Vietnamese-Cambodian,1977,811,Cambodia,816,Vietnam,False
2140,Ugandian-Tanzanian,1978,500,Uganda,510,Tanzania,False
2142,Ugandian-Tanzanian,1978,510,Tanzania,500,Uganda,False
2144,Ugandian-Tanzanian,1978,510,Tanzania,620,Libya,False
2146,Ugandian-Tanzanian,1979,620,Libya,510,Tanzania,False
2149,Sino-Vietnamese Punitive,1979,710,China,816,Vietnam,True
2150,Sino-Vietnamese Punitive,1979,816,Vietnam,710,China,True
2153,Iran-Iraq,1980,645,Iraq,630,Iran,True
2154,Iran-Iraq,1980,630,Iran,645,Iraq,True
2157,Falkland Islands,1982,200,United Kingdom,160,Argentina,True
2158,Falkland Islands,1982,160,Argentina,200,United Kingdom,True
2161,War over Lebanon,1982,666,Israel,652,Syria,False
2162,War over Lebanon,1982,652,Syria,666,Israel,False
2165,War over the Aouzou Strip,1986,483,Chad,620,Libya,True
2166,War over the Aouzou Strip,1986,620,Libya,483,Chad,True
2169,Sino-Vietnamese Border War,1987,816,Vietnam,710,China,True
2170,Sino-Vietnamese Border War,1987,710,China,816,Vietnam,True
2178,Gulf War,1990,690,Kuwait,645,Iraq,True
2192,Gulf War,1991,2,United States of America,645,Iraq,True
2206,Gulf War,1991,20,Canada,645,Iraq,True
2220,Gulf War,1991,200,United Kingdom,645,Iraq,True
2234,Gulf War,1991,325,Italy,645,Iraq,True
2248,Gulf War,1991,600,Morocco,645,Iraq,True
2256,Gulf War,1990,645,Iraq,690,Kuwait,True
2257,Gulf War,1990,645,Iraq,2,United States of America,True
2258,Gulf War,1990,645,Iraq,20,Canada,True
2259,Gulf War,1990,645,Iraq,200,United Kingdom,True
2260,Gulf War,1990,645,Iraq,325,Italy,True
2261,Gulf War,1990,645,Iraq,600,Morocco,True
2263,Gulf War,1990,645,Iraq,651,Egypt,True
2264,Gulf War,1990,645,Iraq,698,Oman,True
2265,Gulf War,1990,645,Iraq,220,France,True
2266,Gulf War,1990,645,Iraq,696,United Arab Emirates,True
2267,Gulf War,1990,645,Iraq,694,Qatar,True
2268,Gulf War,1990,645,Iraq,670,Saudi Arabia,True
2269,Gulf War,1990,645,Iraq,652,Syria,False
2276,Gulf War,1991,651,Egypt,645,Iraq,True
2290,Gulf War,1991,698,Oman,645,Iraq,True
2304,Gulf War,1991,220,France,645,Iraq,True
2318,Gulf War,1991,696,United Arab Emirates,645,Iraq,True
2332,Gulf War,1991,694,Qatar,645,Iraq,True
2346,Gulf War,1991,670,Saudi Arabia,645,Iraq,True
2360,Gulf War,1991,652,Syria,645,Iraq,False
2370,Bosnian Independence,1992,344,Croatia,345,Yugoslavia,False
2373,Bosnian Independence,1992,346,Bosnia,345,Yugoslavia,False
2374,Bosnian Independence,1992,345,Yugoslavia,344,Croatia,False
2375,Bosnian Independence,1992,345,Yugoslavia,346,Bosnia,False
2378,Azeri-Armenian,1993,373,Azerbaijan,371,Armenia,False
2379,Azeri-Armenian,1993,371,Armenia,373,Azerbaijan,False
2382,Cenepa Valley,1995,130,Ecuador,135,Peru,True
2383,Cenepa Valley,1995,135,Peru,130,Ecuador,True
2386,Badme Border,1998,531,Eritrea,530,Ethiopia,True
2387,Badme Border,1998,530,Ethiopia,531,Eritrea,True
2395,War for Kosovo,1999,640,Turkey,345,Yugoslavia,True
2403,War for Kosovo,1999,325,Italy,345,Yugoslavia,True
2411,War for Kosovo,1999,200,United Kingdom,345,Yugoslavia,True
2419,War for Kosovo,1999,2,United States of America,345,Yugoslavia,True
2427,War for Kosovo,1999,210,Netherlands,345,Yugoslavia,True
2435,War for Kosovo,1999,220,France,345,Yugoslavia,True
2437,War for Kosovo,1999,345,Yugoslavia,640,Turkey,True
2438,War for Kosovo,1999,345,Yugoslavia,325,Italy,True
2439,War for Kosovo,1999,345,Yugoslavia,200,United Kingdom,True
2440,War for Kosovo,1999,345,Yugoslavia,2,United States of America,True
2441,War for Kosovo,1999,345,Yugoslavia,210,Netherlands,True
2442,War for Kosovo,1999,345,Yugoslavia,220,France,True
2444,War for Kosovo,1999,345,Yugoslavia,255,Germany,True
2451,War for Kosovo,1999,255,Germany,345,Yugoslavia,True
2454,Kargil War,1999,750,India,770,Pakistan,True
2455,Kargil War,1999,770,Pakistan,750,India,True
2462,Invasion of Afghanistan,2001,20,Canada,700,Afghanistan,False
2468,Invasion of Afghanistan,2001,220,France,700,Afghanistan,True
2474,Invasion of Afghanistan,2001,200,United Kingdom,700,Afghanistan,True
2480,Invasion of Afghanistan,2001,2,United States of America,700,Afghanistan,True
2486,Invasion of Afghanistan,2001,900,Australia,700,Afghanistan,False
2487,Invasion of Afghanistan,2001,700,Afghanistan,20,Canada,False
2488,Invasion of Afghanistan,2001,700,Afghanistan,220,France,True
2489,Invasion of Afghanistan,2001,700,Afghanistan,200,United Kingdom,True
2490,Invasion of Afghanistan,2001,700,Afghanistan,2,United States of America,True
2491,Invasion of Afghanistan,2001,700,Afghanistan,900,Australia,False
2496,Invasion of Iraq,2003,900,Australia,645,Iraq,True
2500,Invasion of Iraq,2003,200,United Kingdom,645,Iraq,False
2504,Invasion of Iraq,2003,2,United States of America,645,Iraq,False
2505,Invasion of Iraq,2003,645,Iraq,900,Australia,True
2506,Invasion of Iraq,2003,645,Iraq,200,United Kingdom,False
2507,Invasion of Iraq,2003,645,Iraq,2,United States of America,False
