WarName,Year,Ccode1,Player1,Ccode2,Player2,Religion1,Religion2,Initiator
Franco-Spanish War,1823,230,Spain,220,France,Christianity,Christianity,0
Franco-Spanish War,1823,220,France,230,Spain,Christianity,Christianity,1
First Russo-Turkish,1828,640,Ottoman Empire,365,Russia,Islam,Non,0
First Russo-Turkish,1828,365,Russia,640,Ottoman Empire,Non,Islam,1
Mexican-American,1846,70,Mexico,2,United States of America,Christianity,Christianity,0
Mexican-American,1846,2,United States of America,70,Mexico,Christianity,Christianity,1
Austro-Sardinian,1848,337,Tuscany,300,Austria,,,0
Austro-Sardinian,1848,325,Italy,300,Austria,Christianity,,1
Austro-Sardinian,1848,300,Austria,337,Tuscany,,,0
Austro-Sardinian,1848,300,Austria,325,Italy,,Christianity,0
Austro-Sardinian,1848,300,Austria,332,Modena,,,0
Austro-Sardinian,1848,332,Modena,300,Austria,,,0
First Schleswig-Holstein,1848,255,Prussia,390,Denmark,Christianity,Christianity,1
First Schleswig-Holstein,1848,390,Denmark,255,Prussia,Christianity,Christianity,0
Roman Republic,1849,220,France,327,Papal States,Christianity,,1
Roman Republic,1849,329,Two Sicilies,327,Papal States,,,0
Roman Republic,1849,300,Austria,327,Papal States,,,0
Roman Republic,1849,327,Papal States,220,France,,Christianity,0
Roman Republic,1849,327,Papal States,329,Two Sicilies,,,0
Roman Republic,1849,327,Papal States,300,Austria,,,0
La Plata,1851,160,Argentina,140,Brazil,Christianity,Christianity,0
La Plata,1851,140,Brazil,160,Argentina,Christianity,Christianity,1
Crimean,1853,640,Turkey,365,Russia,Islam,Non,1
Crimean,1855,325,Italy,365,Russia,Christianity,Non,0
Crimean,1854,220,France,365,Russia,Christianity,Non,0
Crimean,1854,200,United Kingdom,365,Russia,Christianity,Non,0
Crimean,1853,365,Russia,640,Turkey,Non,Islam,0
Crimean,1853,365,Russia,325,Italy,Non,Christianity,0
Crimean,1853,365,Russia,220,France,Non,Christianity,0
Crimean,1853,365,Russia,200,United Kingdom,Non,Christianity,0
Anglo-Persian,1856,200,United Kingdom,630,Iran,Christianity,Islam,1
Anglo-Persian,1856,630,Iran,200,United Kingdom,Islam,Christianity,0
Italian Unification,1859,325,Sardinia/Piedmont,300,Austria,Christianity,,0
Italian Unification,1859,300,Austria,325,Sardinia/Piedmont,,Christianity,1
Italian Unification,1859,300,Austria,220,France,,Christianity,1
Italian Unification,1859,220,France,300,Austria,Christianity,,0
First Spanish-Moroccan,1859,600,Morocco,230,Spain,Islam,Christianity,0
First Spanish-Moroccan,1859,230,Spain,600,Morocco,Christianity,Islam,1
Italian-Roman,1860,325,Sardinia/Piedmont,327,Papal States,Christianity,,1
Italian-Roman,1860,327,Papal States,325,Sardinia/Piedmont,,Christianity,0
Neapolitan,1860,329,Two Sicilies,325,Sardinia/Piedmont,,Christianity,0
Neapolitan,1860,325,Sardinia/Piedmont,329,Two Sicilies,Christianity,,1
Franco-Mexican,1862,70,Mexico,220,France,Christianity,Christianity,0
Franco-Mexican,1862,220,France,70,Mexico,Christianity,Christianity,1
Ecuadorian-Colombian,1863,100,Colombia,130,Ecuador,Christianity,Christianity,1
Ecuadorian-Colombian,1863,130,Ecuador,100,Colombia,Christianity,Christianity,0
Second Schleswig-Holstein,1864,255,Germany,390,Denmark,Christianity,Christianity,1
Second Schleswig-Holstein,1864,390,Denmark,255,Germany,Christianity,Christianity,0
Second Schleswig-Holstein,1864,390,Denmark,300,Austria,Christianity,,0
Second Schleswig-Holstein,1864,300,Austria,390,Denmark,,Christianity,0
Lopez,1865,160,Argentina,150,Paraguay,Christianity,Christianity,0
Lopez,1864,150,Paraguay,160,Argentina,Christianity,Christianity,1
Lopez,1864,150,Paraguay,140,Brazil,Christianity,Christianity,1
Lopez,1864,140,Brazil,150,Paraguay,Christianity,Christianity,0
Naval War,1865,155,Chile,230,Spain,Christianity,Christianity,0
Naval War,1866,135,Peru,230,Spain,Christianity,Christianity,0
Naval War,1865,230,Spain,155,Chile,Christianity,Christianity,1
Naval War,1865,230,Spain,135,Peru,Christianity,Christianity,1
Seven Weeks,1866,325,Italy,275,Hesse Grand Ducal,Christianity,,0
Seven Weeks,1866,325,Italy,271,Wuerttemburg,Christianity,,0
Seven Weeks,1866,325,Italy,245,Bavaria,Christianity,,0
Seven Weeks,1866,325,Italy,300,Austria,Christianity,,0
Seven Weeks,1866,325,Italy,273,Hesse Electoral,Christianity,,0
Seven Weeks,1866,325,Italy,269,Saxony,Christianity,,0
Seven Weeks,1866,325,Italy,267,Baden,Christianity,,0
Seven Weeks,1866,325,Italy,240,Hanover,Christianity,,0
Seven Weeks,1866,275,Hesse Grand Ducal,325,Italy,,Christianity,0
Seven Weeks,1866,275,Hesse Grand Ducal,255,Germany,,Christianity,0
Seven Weeks,1866,275,Hesse Grand Ducal,280,Mecklenburg Schwerin,,,0
Seven Weeks,1866,271,Wuerttemburg,325,Italy,,Christianity,0
Seven Weeks,1866,271,Wuerttemburg,255,Germany,,Christianity,0
Seven Weeks,1866,271,Wuerttemburg,280,Mecklenburg Schwerin,,,0
Seven Weeks,1866,245,Bavaria,325,Italy,,Christianity,0
Seven Weeks,1866,245,Bavaria,255,Germany,,Christianity,0
Seven Weeks,1866,245,Bavaria,280,Mecklenburg Schwerin,,,0
Seven Weeks,1866,300,Austria,325,Italy,,Christianity,0
Seven Weeks,1866,300,Austria,255,Germany,,Christianity,0
Seven Weeks,1866,300,Austria,280,Mecklenburg Schwerin,,,0
Seven Weeks,1866,255,Germany,275,Hesse Grand Ducal,Christianity,,1
Seven Weeks,1866,255,Germany,271,Wuerttemburg,Christianity,,1
Seven Weeks,1866,255,Germany,245,Bavaria,Christianity,,1
Seven Weeks,1866,255,Germany,300,Austria,Christianity,,1
Seven Weeks,1866,255,Germany,273,Hesse Electoral,Christianity,,1
Seven Weeks,1866,255,Germany,269,Saxony,Christianity,,1
Seven Weeks,1866,255,Germany,267,Baden,Christianity,,1
Seven Weeks,1866,255,Germany,240,Hanover,Christianity,,1
Seven Weeks,1866,280,Mecklenburg Schwerin,275,Hesse Grand Ducal,,,0
Seven Weeks,1866,280,Mecklenburg Schwerin,271,Wuerttemburg,,,0
Seven Weeks,1866,280,Mecklenburg Schwerin,245,Bavaria,,,0
Seven Weeks,1866,280,Mecklenburg Schwerin,300,Austria,,,0
Seven Weeks,1866,280,Mecklenburg Schwerin,273,Hesse Electoral,,,0
Seven Weeks,1866,280,Mecklenburg Schwerin,269,Saxony,,,0
Seven Weeks,1866,280,Mecklenburg Schwerin,267,Baden,,,0
Seven Weeks,1866,280,Mecklenburg Schwerin,240,Hanover,,,0
Seven Weeks,1866,273,Hesse Electoral,325,Italy,,Christianity,0
Seven Weeks,1866,273,Hesse Electoral,255,Germany,,Christianity,0
Seven Weeks,1866,273,Hesse Electoral,280,Mecklenburg Schwerin,,,0
Seven Weeks,1866,269,Saxony,325,Italy,,Christianity,0
Seven Weeks,1866,269,Saxony,255,Germany,,Christianity,0
Seven Weeks,1866,269,Saxony,280,Mecklenburg Schwerin,,,0
Seven Weeks,1866,267,Baden,325,Italy,,Christianity,0
Seven Weeks,1866,267,Baden,255,Germany,,Christianity,0
Seven Weeks,1866,267,Baden,280,Mecklenburg Schwerin,,,0
Seven Weeks,1866,240,Hanover,325,Italy,,Christianity,0
Seven Weeks,1866,240,Hanover,255,Germany,,Christianity,0
Seven Weeks,1866,240,Hanover,280,Mecklenburg Schwerin,,,0
Franco-Prussian,1870,271,Wuerttemburg,220,France,,Christianity,0
Franco-Prussian,1870,267,Baden,220,France,,Christianity,0
Franco-Prussian,1870,255,Germany,220,France,Christianity,Christianity,0
Franco-Prussian,1870,245,Bavaria,220,France,,Christianity,0
Franco-Prussian,1870,220,France,271,Wuerttemburg,Christianity,,1
Franco-Prussian,1870,220,France,267,Baden,Christianity,,1
Franco-Prussian,1870,220,France,255,Germany,Christianity,Christianity,1
Franco-Prussian,1870,220,France,245,Bavaria,Christianity,,1
First Central American,1876,90,Guatemala,92,El Salvador,Christianity,Christianity,1
First Central American,1876,92,El Salvador,90,Guatemala,Christianity,Christianity,0
Second Russo-Turkish,1877,640,Turkey,365,Russia,Islam,Non,0
Second Russo-Turkish,1877,365,Russia,640,Turkey,Non,Islam,1
War of the Pacific,1879,155,Chile,135,Peru,Christianity,Christianity,1
War of the Pacific,1879,155,Chile,145,Bolivia,Christianity,Christianity,1
War of the Pacific,1879,135,Peru,155,Chile,Christianity,Christianity,0
War of the Pacific,1879,145,Bolivia,155,Chile,Christianity,Christianity,0
Conquest of Egypt,1882,651,Egypt,200,United Kingdom,Islam,Christianity,0
Conquest of Egypt,1882,200,United Kingdom,651,Egypt,Christianity,Islam,1
Sino-French,1884,220,France,710,China,Christianity,Syncretic,1
Sino-French,1884,710,China,220,France,Syncretic,Christianity,0
Second Central American,1885,92,El Salvador,90,Guatemala,Christianity,Christianity,0
Second Central American,1885,90,Guatemala,92,El Salvador,Christianity,Christianity,1
First Sino-Japanese,1894,710,China,740,Japan,Syncretic,Shinto,0
First Sino-Japanese,1894,740,Japan,710,China,Shinto,Syncretic,1
Greco-Turkish,1897,350,Greece,640,Turkey,Christianity,Islam,1
Greco-Turkish,1897,640,Turkey,350,Greece,Islam,Christianity,0
Spanish-American,1898,230,Spain,2,United States of America,Christianity,Christianity,0
Spanish-American,1898,2,United States of America,230,Spain,Christianity,Christianity,1
Boxer Rebellion,1900,365,Russia,710,China,Non,Syncretic,1
Boxer Rebellion,1900,740,Japan,710,China,Shinto,Syncretic,1
Boxer Rebellion,1900,2,United States of America,710,China,Christianity,Syncretic,1
Boxer Rebellion,1900,710,China,365,Russia,Syncretic,Non,0
Boxer Rebellion,1900,710,China,740,Japan,Syncretic,Shinto,0
Boxer Rebellion,1900,710,China,2,United States of America,Syncretic,Christianity,0
Boxer Rebellion,1900,710,China,200,United Kingdom,Syncretic,Christianity,0
Boxer Rebellion,1900,710,China,220,France,Syncretic,Christianity,0
Boxer Rebellion,1900,200,United Kingdom,710,China,Christianity,Syncretic,1
Boxer Rebellion,1900,220,France,710,China,Christianity,Syncretic,1
Sino-Russian,1900,365,Russia,710,China,Non,Syncretic,1
Sino-Russian,1900,710,China,365,Russia,Syncretic,Non,0
Russo-Japanese,1904,740,Japan,365,Russia,Shinto,Non,1
Russo-Japanese,1904,365,Russia,740,Japan,Non,Shinto,0
Third Central American,1906,91,Honduras,90,Guatemala,Christianity,Christianity,0
Third Central American,1906,92,El Salvador,90,Guatemala,Christianity,Christianity,0
Third Central American,1906,90,Guatemala,91,Honduras,Christianity,Christianity,1
Third Central American,1906,90,Guatemala,92,El Salvador,Christianity,Christianity,1
Fourth Central American,1907,93,Nicaragua,92,El Salvador,Christianity,Christianity,1
Fourth Central American,1907,93,Nicaragua,91,Honduras,Christianity,Christianity,1
Fourth Central American,1907,92,El Salvador,93,Nicaragua,Christianity,Christianity,0
Fourth Central American,1907,91,Honduras,93,Nicaragua,Christianity,Christianity,0
Second Spanish-Moroccan,1909,230,Spain,600,Morocco,Christianity,Islam,1
Second Spanish-Moroccan,1909,600,Morocco,230,Spain,Islam,Christianity,0
Italian-Turkish,1911,325,Italy,640,Turkey,Christianity,Islam,1
Italian-Turkish,1911,640,Turkey,325,Italy,Islam,Christianity,0
First Balkan,1912,640,Turkey,350,Greece,Islam,Christianity,0
First Balkan,1912,640,Turkey,355,Bulgaria,Islam,Christianity,0
First Balkan,1912,640,Turkey,345,Yugoslavia,Islam,Christianity,0
First Balkan,1912,350,Greece,640,Turkey,Christianity,Islam,0
First Balkan,1912,355,Bulgaria,640,Turkey,Christianity,Islam,0
First Balkan,1912,345,Yugoslavia,640,Turkey,Christianity,Islam,1
Second Balkan,1913,640,Turkey,355,Bulgaria,Islam,Christianity,0
Second Balkan,1913,345,Yugoslavia,355,Bulgaria,Christianity,Christianity,0
Second Balkan,1913,350,Greece,355,Bulgaria,Christianity,Christianity,0
Second Balkan,1913,355,Bulgaria,640,Turkey,Christianity,Islam,1
Second Balkan,1913,355,Bulgaria,345,Yugoslavia,Christianity,Christianity,1
Second Balkan,1913,355,Bulgaria,350,Greece,Christianity,Christianity,1
Second Balkan,1913,355,Bulgaria,360,Romania,Christianity,Christianity,1
Second Balkan,1913,360,Romania,355,Bulgaria,Christianity,Christianity,0
World War I,1914,345,Yugoslavia,355,Bulgaria,Christianity,Christianity,0
World War I,1914,345,Yugoslavia,640,Turkey,Christianity,Islam,0
World War I,1914,345,Yugoslavia,255,Germany,Christianity,Christianity,0
World War I,1914,345,Yugoslavia,300,Austria-Hungary,Christianity,,0
World War I,1914,365,Russia,355,Bulgaria,Non,Christianity,0
World War I,1914,365,Russia,640,Turkey,Non,Islam,0
World War I,1914,365,Russia,255,Germany,Non,Christianity,0
World War I,1914,365,Russia,300,Austria-Hungary,Non,,0
World War I,1915,355,Bulgaria,345,Yugoslavia,Christianity,Christianity,0
World War I,1915,355,Bulgaria,365,Russia,Christianity,Non,0
World War I,1915,355,Bulgaria,200,United Kingdom,Christianity,Christianity,0
World War I,1915,355,Bulgaria,740,Japan,Christianity,Shinto,0
World War I,1915,355,Bulgaria,235,Portugal,Christianity,Christianity,0
World War I,1915,355,Bulgaria,211,Belgium,Christianity,Christianity,0
World War I,1915,355,Bulgaria,350,Greece,Christianity,Christianity,0
World War I,1915,355,Bulgaria,360,Romania,Christianity,Christianity,0
World War I,1915,355,Bulgaria,220,France,Christianity,Christianity,0
World War I,1915,355,Bulgaria,325,Italy,Christianity,Christianity,0
World War I,1915,355,Bulgaria,2,United States of America,Christianity,Christianity,0
World War I,1914,200,United Kingdom,355,Bulgaria,Christianity,Christianity,0
World War I,1914,200,United Kingdom,640,Turkey,Christianity,Islam,0
World War I,1914,200,United Kingdom,255,Germany,Christianity,Christianity,0
World War I,1914,200,United Kingdom,300,Austria-Hungary,Christianity,,0
World War I,1914,740,Japan,355,Bulgaria,Shinto,Christianity,0
World War I,1914,740,Japan,640,Turkey,Shinto,Islam,0
World War I,1914,740,Japan,255,Germany,Shinto,Christianity,0
World War I,1914,740,Japan,300,Austria-Hungary,Shinto,,0
World War I,1916,235,Portugal,355,Bulgaria,Christianity,Christianity,0
World War I,1916,235,Portugal,640,Turkey,Christianity,Islam,0
World War I,1916,235,Portugal,255,Germany,Christianity,Christianity,0
World War I,1916,235,Portugal,300,Austria-Hungary,Christianity,,0
World War I,1914,640,Turkey,345,Yugoslavia,Islam,Christianity,0
World War I,1914,640,Turkey,365,Russia,Islam,Non,0
World War I,1914,640,Turkey,200,United Kingdom,Islam,Christianity,0
World War I,1914,640,Turkey,740,Japan,Islam,Shinto,0
World War I,1914,640,Turkey,235,Portugal,Islam,Christianity,0
World War I,1914,640,Turkey,211,Belgium,Islam,Christianity,0
World War I,1914,640,Turkey,350,Greece,Islam,Christianity,0
World War I,1914,640,Turkey,360,Romania,Islam,Christianity,0
World War I,1914,640,Turkey,220,France,Islam,Christianity,0
World War I,1914,640,Turkey,325,Italy,Islam,Christianity,0
World War I,1914,640,Turkey,2,United States of America,Islam,Christianity,0
World War I,1914,211,Belgium,355,Bulgaria,Christianity,Christianity,0
World War I,1914,211,Belgium,640,Turkey,Christianity,Islam,0
World War I,1914,211,Belgium,255,Germany,Christianity,Christianity,0
World War I,1914,211,Belgium,300,Austria-Hungary,Christianity,,0
World War I,1914,255,Germany,345,Yugoslavia,Christianity,Christianity,0
World War I,1914,255,Germany,365,Russia,Christianity,Non,0
World War I,1914,255,Germany,200,United Kingdom,Christianity,Christianity,0
World War I,1914,255,Germany,740,Japan,Christianity,Shinto,0
World War I,1914,255,Germany,235,Portugal,Christianity,Christianity,0
World War I,1914,255,Germany,211,Belgium,Christianity,Christianity,0
World War I,1914,255,Germany,350,Greece,Christianity,Christianity,0
World War I,1914,255,Germany,360,Romania,Christianity,Christianity,0
World War I,1914,255,Germany,220,France,Christianity,Christianity,0
World War I,1914,255,Germany,325,Italy,Christianity,Christianity,0
World War I,1914,255,Germany,2,United States of America,Christianity,Christianity,0
World War I,1917,350,Greece,355,Bulgaria,Christianity,Christianity,0
World War I,1917,350,Greece,640,Turkey,Christianity,Islam,0
World War I,1917,350,Greece,255,Germany,Christianity,Christianity,0
World War I,1917,350,Greece,300,Austria-Hungary,Christianity,,0
World War I,1916,360,Romania,355,Bulgaria,Christianity,Christianity,0
World War I,1916,360,Romania,640,Turkey,Christianity,Islam,0
World War I,1916,360,Romania,255,Germany,Christianity,Christianity,0
World War I,1916,360,Romania,300,Austria-Hungary,Christianity,,0
World War I,1914,300,Austria-Hungary,345,Yugoslavia,,Christianity,1
World War I,1914,300,Austria-Hungary,365,Russia,,Non,1
World War I,1914,300,Austria-Hungary,200,United Kingdom,,Christianity,1
World War I,1914,300,Austria-Hungary,740,Japan,,Shinto,1
World War I,1914,300,Austria-Hungary,235,Portugal,,Christianity,1
World War I,1914,300,Austria-Hungary,211,Belgium,,Christianity,1
World War I,1914,300,Austria-Hungary,350,Greece,,Christianity,1
World War I,1914,300,Austria-Hungary,360,Romania,,Christianity,1
World War I,1914,300,Austria-Hungary,220,France,,Christianity,1
World War I,1914,300,Austria-Hungary,325,Italy,,Christianity,1
World War I,1914,300,Austria-Hungary,2,United States of America,,Christianity,1
World War I,1914,220,France,355,Bulgaria,Christianity,Christianity,0
World War I,1914,220,France,640,Turkey,Christianity,Islam,0
World War I,1914,220,France,255,Germany,Christianity,Christianity,0
World War I,1914,220,France,300,Austria-Hungary,Christianity,,0
World War I,1915,325,Italy,355,Bulgaria,Christianity,Christianity,0
World War I,1915,325,Italy,640,Turkey,Christianity,Islam,0
World War I,1915,325,Italy,255,Germany,Christianity,Christianity,0
World War I,1915,325,Italy,300,Austria-Hungary,Christianity,,0
World War I,1917,2,United States of America,355,Bulgaria,Christianity,Christianity,0
World War I,1917,2,United States of America,640,Turkey,Christianity,Islam,0
World War I,1917,2,United States of America,255,Germany,Christianity,Christianity,0
World War I,1917,2,United States of America,300,Austria-Hungary,Christianity,,0
Estonian Liberation,1918,366,Estonia,365,Russia,Non,Non,0
Estonian Liberation,1918,375,Finland,365,Russia,Christianity,Non,0
Estonian Liberation,1918,365,Russia,366,Estonia,Non,Non,1
Estonian Liberation,1918,365,Russia,375,Finland,Non,Christianity,1
Latvian Liberation,1918,255,Germany,365,Russia,Christianity,Non,0
Latvian Liberation,1918,365,Russia,255,Germany,Non,Christianity,1
Latvian Liberation,1918,365,Russia,366,Estonia,Non,Non,1
Latvian Liberation,1918,365,Russia,367,Latvia,Non,Christianity,1
Latvian Liberation,1919,255,Germany,366,Estonia,Christianity,Non,0
Latvian Liberation,1919,255,Germany,367,Latvia,Christianity,Christianity,0
Latvian Liberation,1919,366,Estonia,365,Russia,Non,Non,0
Latvian Liberation,1919,366,Estonia,255,Germany,Non,Christianity,0
Latvian Liberation,1918,367,Latvia,365,Russia,Christianity,Non,0
Latvian Liberation,1918,367,Latvia,255,Germany,Christianity,Christianity,0
Russo-Polish,1919,365,Russia,290,Poland,Non,Christianity,1
Russo-Polish,1919,290,Poland,365,Russia,Christianity,Non,0
Hungarian Adversaries,1919,310,Hungary,315,Czechoslovakia,Christianity,Christianity,0
Hungarian Adversaries,1919,310,Hungary,360,Romania,Christianity,Christianity,0
Hungarian Adversaries,1919,315,Czechoslovakia,310,Hungary,Christianity,Christianity,0
Hungarian Adversaries,1919,360,Romania,310,Hungary,Christianity,Christianity,1
Second Greco-Turkish,1919,640,Turkey,350,Greece,Islam,Christianity,0
Second Greco-Turkish,1919,350,Greece,640,Turkey,Christianity,Islam,1
Franco-Turkish,1919,640,Turkey,220,France,Islam,Christianity,0
Franco-Turkish,1919,220,France,640,Turkey,Christianity,Islam,1
Lithuanian-Polish,1920,368,Lithuania,290,Poland,Christianity,Christianity,0
Lithuanian-Polish,1920,290,Poland,368,Lithuania,Christianity,Christianity,1
Manchurian,1929,365,USSR,710,China,Non,Syncretic,1
Manchurian,1929,710,China,365,USSR,Syncretic,Non,0
Second Sino-Japanese,1931,740,Japan,710,China,Shinto,Syncretic,1
Second Sino-Japanese,1931,710,China,740,Japan,Syncretic,Shinto,0
Chaco,1932,145,Bolivia,150,Paraguay,Christianity,Christianity,1
Chaco,1932,150,Paraguay,145,Bolivia,Christianity,Christianity,0
Saudi-Yemeni,1934,670,Saudi Arabia,678,Yemen Arab Republic,Islam,Islam,1
Saudi-Yemeni,1934,678,Yemen Arab Republic,670,Saudi Arabia,Islam,Islam,0
Conquest of Ethiopia,1935,325,Italy,530,Ethiopia,Christianity,Christianity,1
Conquest of Ethiopia,1935,530,Ethiopia,325,Italy,Christianity,Christianity,0
Third Sino-Japanese,1937,710,China,740,Japan,Syncretic,Shinto,0
Third Sino-Japanese,1937,740,Japan,710,China,Shinto,Syncretic,1
Changkufeng,1938,365,USSR,740,Japan,Non,Shinto,0
Changkufeng,1938,740,Japan,365,USSR,Shinto,Non,1
Nomonhan,1939,365,USSR,740,Japan,Non,Shinto,0
Nomonhan,1939,712,Mongolia,740,Japan,Non,Shinto,0
Nomonhan,1939,740,Japan,365,USSR,Shinto,Non,1
Nomonhan,1939,740,Japan,712,Mongolia,Shinto,Non,1
World War II,1941,310,Hungary,211,Belgium,Christianity,Christianity,0
World War II,1941,310,Hungary,345,Yugoslavia,Christianity,Christianity,0
World War II,1941,310,Hungary,385,Norway,Christianity,Christianity,0
World War II,1941,310,Hungary,20,Canada,Christianity,Christianity,0
World War II,1941,310,Hungary,2,United States of America,Christianity,Christianity,0
World War II,1941,310,Hungary,200,United Kingdom,Christianity,Christianity,0
World War II,1941,310,Hungary,210,Netherlands,Christianity,Christianity,0
World War II,1941,310,Hungary,360,Romania,Christianity,Christianity,0
World War II,1941,310,Hungary,355,Bulgaria,Christianity,Christianity,0
World War II,1941,310,Hungary,350,Greece,Christianity,Christianity,0
World War II,1941,310,Hungary,140,Brazil,Christianity,Christianity,0
World War II,1941,310,Hungary,325,Italy,Christianity,Christianity,0
World War II,1941,310,Hungary,900,Australia,Christianity,Christianity,0
World War II,1941,310,Hungary,920,New Zealand,Christianity,Christianity,0
World War II,1941,310,Hungary,365,USSR,Christianity,Non,0
World War II,1941,310,Hungary,290,Poland,Christianity,Christianity,0
World War II,1941,310,Hungary,220,France,Christianity,Christianity,0
World War II,1941,310,Hungary,712,Mongolia,Christianity,Non,0
World War II,1941,310,Hungary,710,China,Christianity,Syncretic,0
World War II,1941,310,Hungary,560,South Africa,Christianity,Christianity,0
World War II,1941,310,Hungary,530,Ethiopia,Christianity,Christianity,0
World War II,1940,211,Belgium,310,Hungary,Christianity,Christianity,0
World War II,1940,211,Belgium,220,France,Christianity,Christianity,0
World War II,1940,211,Belgium,375,Finland,Christianity,Christianity,0
World War II,1940,211,Belgium,325,Italy,Christianity,Christianity,0
World War II,1940,211,Belgium,360,Romania,Christianity,Christianity,0
World War II,1940,211,Belgium,355,Bulgaria,Christianity,Christianity,0
World War II,1940,211,Belgium,255,Germany,Christianity,Christianity,0
World War II,1940,211,Belgium,740,Japan,Christianity,Shinto,0
World War II,1940,220,France,211,Belgium,Christianity,Christianity,0
World War II,1940,220,France,345,Yugoslavia,Christianity,Christianity,0
World War II,1940,220,France,385,Norway,Christianity,Christianity,0
World War II,1940,220,France,20,Canada,Christianity,Christianity,0
World War II,1940,220,France,2,United States of America,Christianity,Christianity,0
World War II,1940,220,France,200,United Kingdom,Christianity,Christianity,0
World War II,1940,220,France,210,Netherlands,Christianity,Christianity,0
World War II,1940,220,France,360,Romania,Christianity,Christianity,0
World War II,1940,220,France,355,Bulgaria,Christianity,Christianity,0
World War II,1940,220,France,350,Greece,Christianity,Christianity,0
World War II,1940,220,France,140,Brazil,Christianity,Christianity,0
World War II,1940,220,France,325,Italy,Christianity,Christianity,0
World War II,1940,220,France,900,Australia,Christianity,Christianity,0
World War II,1940,220,France,920,New Zealand,Christianity,Christianity,0
World War II,1940,220,France,365,USSR,Christianity,Non,0
World War II,1940,220,France,290,Poland,Christianity,Christianity,0
World War II,1940,220,France,712,Mongolia,Christianity,Non,0
World War II,1940,220,France,710,China,Christianity,Syncretic,0
World War II,1940,220,France,560,South Africa,Christianity,Christianity,0
World War II,1940,220,France,530,Ethiopia,Christianity,Christianity,0
World War II,1941,345,Yugoslavia,310,Hungary,Christianity,Christianity,0
World War II,1941,345,Yugoslavia,220,France,Christianity,Christianity,0
World War II,1941,345,Yugoslavia,375,Finland,Christianity,Christianity,0
World War II,1941,345,Yugoslavia,325,Italy,Christianity,Christianity,0
World War II,1941,345,Yugoslavia,360,Romania,Christianity,Christianity,0
World War II,1941,345,Yugoslavia,355,Bulgaria,Christianity,Christianity,0
World War II,1941,345,Yugoslavia,255,Germany,Christianity,Christianity,0
World War II,1941,345,Yugoslavia,740,Japan,Christianity,Shinto,0
World War II,1941,375,Finland,211,Belgium,Christianity,Christianity,0
World War II,1941,375,Finland,345,Yugoslavia,Christianity,Christianity,0
World War II,1941,375,Finland,385,Norway,Christianity,Christianity,0
World War II,1941,375,Finland,20,Canada,Christianity,Christianity,0
World War II,1941,375,Finland,2,United States of America,Christianity,Christianity,0
World War II,1941,375,Finland,200,United Kingdom,Christianity,Christianity,0
World War II,1941,375,Finland,210,Netherlands,Christianity,Christianity,0
World War II,1941,375,Finland,360,Romania,Christianity,Christianity,0
World War II,1941,375,Finland,355,Bulgaria,Christianity,Christianity,0
World War II,1941,375,Finland,350,Greece,Christianity,Christianity,0
World War II,1941,375,Finland,140,Brazil,Christianity,Christianity,0
World War II,1941,375,Finland,325,Italy,Christianity,Christianity,0
World War II,1941,375,Finland,900,Australia,Christianity,Christianity,0
World War II,1941,375,Finland,920,New Zealand,Christianity,Christianity,0
World War II,1941,375,Finland,365,USSR,Christianity,Non,0
World War II,1941,375,Finland,290,Poland,Christianity,Christianity,0
World War II,1941,375,Finland,220,France,Christianity,Christianity,0
World War II,1941,375,Finland,712,Mongolia,Christianity,Non,0
World War II,1941,375,Finland,710,China,Christianity,Syncretic,0
World War II,1941,375,Finland,560,South Africa,Christianity,Christianity,0
World War II,1941,375,Finland,530,Ethiopia,Christianity,Christianity,0
World War II,1940,385,Norway,310,Hungary,Christianity,Christianity,0
World War II,1940,385,Norway,220,France,Christianity,Christianity,0
World War II,1940,385,Norway,375,Finland,Christianity,Christianity,0
World War II,1940,385,Norway,325,Italy,Christianity,Christianity,0
World War II,1940,385,Norway,360,Romania,Christianity,Christianity,0
World War II,1940,385,Norway,355,Bulgaria,Christianity,Christianity,0
World War II,1940,385,Norway,255,Germany,Christianity,Christianity,0
World War II,1940,385,Norway,740,Japan,Christianity,Shinto,0
World War II,1939,20,Canada,310,Hungary,Christianity,Christianity,0
World War II,1939,20,Canada,220,France,Christianity,Christianity,0
World War II,1939,20,Canada,375,Finland,Christianity,Christianity,0
World War II,1939,20,Canada,325,Italy,Christianity,Christianity,0
World War II,1939,20,Canada,360,Romania,Christianity,Christianity,0
World War II,1939,20,Canada,355,Bulgaria,Christianity,Christianity,0
World War II,1939,20,Canada,255,Germany,Christianity,Christianity,0
World War II,1939,20,Canada,740,Japan,Christianity,Shinto,0
World War II,1941,2,United States of America,310,Hungary,Christianity,Christianity,0
World War II,1941,2,United States of America,220,France,Christianity,Christianity,0
World War II,1941,2,United States of America,375,Finland,Christianity,Christianity,0
World War II,1941,2,United States of America,325,Italy,Christianity,Christianity,0
World War II,1941,2,United States of America,360,Romania,Christianity,Christianity,0
World War II,1941,2,United States of America,355,Bulgaria,Christianity,Christianity,0
World War II,1941,2,United States of America,255,Germany,Christianity,Christianity,0
World War II,1941,2,United States of America,740,Japan,Christianity,Shinto,0
World War II,1939,200,United Kingdom,310,Hungary,Christianity,Christianity,0
World War II,1939,200,United Kingdom,220,France,Christianity,Christianity,0
World War II,1939,200,United Kingdom,375,Finland,Christianity,Christianity,0
World War II,1939,200,United Kingdom,325,Italy,Christianity,Christianity,0
World War II,1939,200,United Kingdom,360,Romania,Christianity,Christianity,0
World War II,1939,200,United Kingdom,355,Bulgaria,Christianity,Christianity,0
World War II,1939,200,United Kingdom,255,Germany,Christianity,Christianity,0
World War II,1939,200,United Kingdom,740,Japan,Christianity,Shinto,0
World War II,1940,210,Netherlands,310,Hungary,Christianity,Christianity,0
World War II,1940,210,Netherlands,220,France,Christianity,Christianity,0
World War II,1940,210,Netherlands,375,Finland,Christianity,Christianity,0
World War II,1940,210,Netherlands,325,Italy,Christianity,Christianity,0
World War II,1940,210,Netherlands,360,Romania,Christianity,Christianity,0
World War II,1940,210,Netherlands,355,Bulgaria,Christianity,Christianity,0
World War II,1940,210,Netherlands,255,Germany,Christianity,Christianity,0
World War II,1940,210,Netherlands,740,Japan,Christianity,Shinto,0
World War II,1940,325,Italy,211,Belgium,Christianity,Christianity,0
World War II,1940,325,Italy,345,Yugoslavia,Christianity,Christianity,0
World War II,1940,325,Italy,385,Norway,Christianity,Christianity,0
World War II,1940,325,Italy,20,Canada,Christianity,Christianity,0
World War II,1940,325,Italy,2,United States of America,Christianity,Christianity,0
World War II,1940,325,Italy,200,United Kingdom,Christianity,Christianity,0
World War II,1940,325,Italy,210,Netherlands,Christianity,Christianity,0
World War II,1940,325,Italy,360,Romania,Christianity,Christianity,0
World War II,1940,325,Italy,355,Bulgaria,Christianity,Christianity,0
World War II,1940,325,Italy,350,Greece,Christianity,Christianity,0
World War II,1940,325,Italy,140,Brazil,Christianity,Christianity,0
World War II,1940,325,Italy,900,Australia,Christianity,Christianity,0
World War II,1940,325,Italy,920,New Zealand,Christianity,Christianity,0
World War II,1940,325,Italy,365,USSR,Christianity,Non,0
World War II,1940,325,Italy,290,Poland,Christianity,Christianity,0
World War II,1940,325,Italy,220,France,Christianity,Christianity,0
World War II,1940,325,Italy,712,Mongolia,Christianity,Non,0
World War II,1940,325,Italy,710,China,Christianity,Syncretic,0
World War II,1940,325,Italy,560,South Africa,Christianity,Christianity,0
World War II,1940,325,Italy,530,Ethiopia,Christianity,Christianity,0
World War II,1944,360,Romania,310,Hungary,Christianity,Christianity,0
World War II,1944,360,Romania,220,France,Christianity,Christianity,0
World War II,1944,360,Romania,375,Finland,Christianity,Christianity,0
World War II,1944,360,Romania,325,Italy,Christianity,Christianity,0
World War II,1944,360,Romania,355,Bulgaria,Christianity,Christianity,0
World War II,1944,360,Romania,255,Germany,Christianity,Christianity,0
World War II,1944,360,Romania,740,Japan,Christianity,Shinto,0
World War II,1941,360,Romania,211,Belgium,Christianity,Christianity,0
World War II,1941,360,Romania,345,Yugoslavia,Christianity,Christianity,0
World War II,1941,360,Romania,385,Norway,Christianity,Christianity,0
World War II,1941,360,Romania,20,Canada,Christianity,Christianity,0
World War II,1941,360,Romania,2,United States of America,Christianity,Christianity,0
World War II,1941,360,Romania,200,United Kingdom,Christianity,Christianity,0
World War II,1941,360,Romania,210,Netherlands,Christianity,Christianity,0
World War II,1941,360,Romania,355,Bulgaria,Christianity,Christianity,0
World War II,1941,360,Romania,350,Greece,Christianity,Christianity,0
World War II,1941,360,Romania,140,Brazil,Christianity,Christianity,0
World War II,1941,360,Romania,325,Italy,Christianity,Christianity,0
World War II,1941,360,Romania,900,Australia,Christianity,Christianity,0
World War II,1941,360,Romania,920,New Zealand,Christianity,Christianity,0
World War II,1941,360,Romania,365,USSR,Christianity,Non,0
World War II,1941,360,Romania,290,Poland,Christianity,Christianity,0
World War II,1941,360,Romania,220,France,Christianity,Christianity,0
World War II,1941,360,Romania,712,Mongolia,Christianity,Non,0
World War II,1941,360,Romania,710,China,Christianity,Syncretic,0
World War II,1941,360,Romania,560,South Africa,Christianity,Christianity,0
World War II,1941,360,Romania,530,Ethiopia,Christianity,Christianity,0
World War II,1941,355,Bulgaria,211,Belgium,Christianity,Christianity,0
World War II,1941,355,Bulgaria,345,Yugoslavia,Christianity,Christianity,0
World War II,1941,355,Bulgaria,385,Norway,Christianity,Christianity,0
World War II,1941,355,Bulgaria,20,Canada,Christianity,Christianity,0
World War II,1941,355,Bulgaria,2,United States of America,Christianity,Christianity,0
World War II,1941,355,Bulgaria,200,United Kingdom,Christianity,Christianity,0
World War II,1941,355,Bulgaria,210,Netherlands,Christianity,Christianity,0
World War II,1941,355,Bulgaria,360,Romania,Christianity,Christianity,0
World War II,1941,355,Bulgaria,350,Greece,Christianity,Christianity,0
World War II,1941,355,Bulgaria,140,Brazil,Christianity,Christianity,0
World War II,1941,355,Bulgaria,325,Italy,Christianity,Christianity,0
World War II,1941,355,Bulgaria,900,Australia,Christianity,Christianity,0
World War II,1941,355,Bulgaria,920,New Zealand,Christianity,Christianity,0
World War II,1941,355,Bulgaria,365,USSR,Christianity,Non,0
World War II,1941,355,Bulgaria,290,Poland,Christianity,Christianity,0
World War II,1941,355,Bulgaria,220,France,Christianity,Christianity,0
World War II,1941,355,Bulgaria,712,Mongolia,Christianity,Non,0
World War II,1941,355,Bulgaria,710,China,Christianity,Syncretic,0
World War II,1941,355,Bulgaria,560,South Africa,Christianity,Christianity,0
World War II,1941,355,Bulgaria,530,Ethiopia,Christianity,Christianity,0
World War II,1944,355,Bulgaria,310,Hungary,Christianity,Christianity,0
World War II,1944,355,Bulgaria,220,France,Christianity,Christianity,0
World War II,1944,355,Bulgaria,375,Finland,Christianity,Christianity,0
World War II,1944,355,Bulgaria,325,Italy,Christianity,Christianity,0
World War II,1944,355,Bulgaria,360,Romania,Christianity,Christianity,0
World War II,1944,355,Bulgaria,255,Germany,Christianity,Christianity,0
World War II,1944,355,Bulgaria,740,Japan,Christianity,Shinto,0
World War II,1940,350,Greece,310,Hungary,Christianity,Christianity,0
World War II,1940,350,Greece,220,France,Christianity,Christianity,0
World War II,1940,350,Greece,375,Finland,Christianity,Christianity,0
World War II,1940,350,Greece,325,Italy,Christianity,Christianity,0
World War II,1940,350,Greece,360,Romania,Christianity,Christianity,0
World War II,1940,350,Greece,355,Bulgaria,Christianity,Christianity,0
World War II,1940,350,Greece,255,Germany,Christianity,Christianity,0
World War II,1940,350,Greece,740,Japan,Christianity,Shinto,0
World War II,1944,140,Brazil,310,Hungary,Christianity,Christianity,0
World War II,1944,140,Brazil,220,France,Christianity,Christianity,0
World War II,1944,140,Brazil,375,Finland,Christianity,Christianity,0
World War II,1944,140,Brazil,325,Italy,Christianity,Christianity,0
World War II,1944,140,Brazil,360,Romania,Christianity,Christianity,0
World War II,1944,140,Brazil,355,Bulgaria,Christianity,Christianity,0
World War II,1944,140,Brazil,255,Germany,Christianity,Christianity,0
World War II,1944,140,Brazil,740,Japan,Christianity,Shinto,0
World War II,1943,325,Italy,310,Hungary,Christianity,Christianity,0
World War II,1943,325,Italy,220,France,Christianity,Christianity,0
World War II,1943,325,Italy,375,Finland,Christianity,Christianity,0
World War II,1943,325,Italy,360,Romania,Christianity,Christianity,0
World War II,1943,325,Italy,355,Bulgaria,Christianity,Christianity,0
World War II,1943,325,Italy,255,Germany,Christianity,Christianity,0
World War II,1943,325,Italy,740,Japan,Christianity,Shinto,0
World War II,1939,900,Australia,310,Hungary,Christianity,Christianity,0
World War II,1939,900,Australia,220,France,Christianity,Christianity,0
World War II,1939,900,Australia,375,Finland,Christianity,Christianity,0
World War II,1939,900,Australia,325,Italy,Christianity,Christianity,0
World War II,1939,900,Australia,360,Romania,Christianity,Christianity,0
World War II,1939,900,Australia,355,Bulgaria,Christianity,Christianity,0
World War II,1939,900,Australia,255,Germany,Christianity,Christianity,0
World War II,1939,900,Australia,740,Japan,Christianity,Shinto,0
World War II,1939,920,New Zealand,310,Hungary,Christianity,Christianity,0
World War II,1939,920,New Zealand,220,France,Christianity,Christianity,0
World War II,1939,920,New Zealand,375,Finland,Christianity,Christianity,0
World War II,1939,920,New Zealand,325,Italy,Christianity,Christianity,0
World War II,1939,920,New Zealand,360,Romania,Christianity,Christianity,0
World War II,1939,920,New Zealand,355,Bulgaria,Christianity,Christianity,0
World War II,1939,920,New Zealand,255,Germany,Christianity,Christianity,0
World War II,1939,920,New Zealand,740,Japan,Christianity,Shinto,0
World War II,1941,365,USSR,310,Hungary,Non,Christianity,0
World War II,1941,365,USSR,220,France,Non,Christianity,0
World War II,1941,365,USSR,375,Finland,Non,Christianity,0
World War II,1941,365,USSR,325,Italy,Non,Christianity,0
World War II,1941,365,USSR,360,Romania,Non,Christianity,0
World War II,1941,365,USSR,355,Bulgaria,Non,Christianity,0
World War II,1941,365,USSR,255,Germany,Non,Christianity,0
World War II,1941,365,USSR,740,Japan,Non,Shinto,0
World War II,1939,255,Germany,211,Belgium,Christianity,Christianity,1
World War II,1939,255,Germany,345,Yugoslavia,Christianity,Christianity,1
World War II,1939,255,Germany,385,Norway,Christianity,Christianity,1
World War II,1939,255,Germany,20,Canada,Christianity,Christianity,1
World War II,1939,255,Germany,2,United States of America,Christianity,Christianity,1
World War II,1939,255,Germany,200,United Kingdom,Christianity,Christianity,1
World War II,1939,255,Germany,210,Netherlands,Christianity,Christianity,1
World War II,1939,255,Germany,360,Romania,Christianity,Christianity,1
World War II,1939,255,Germany,355,Bulgaria,Christianity,Christianity,1
World War II,1939,255,Germany,350,Greece,Christianity,Christianity,1
World War II,1939,255,Germany,140,Brazil,Christianity,Christianity,1
World War II,1939,255,Germany,325,Italy,Christianity,Christianity,1
World War II,1939,255,Germany,900,Australia,Christianity,Christianity,1
World War II,1939,255,Germany,920,New Zealand,Christianity,Christianity,1
World War II,1939,255,Germany,365,USSR,Christianity,Non,1
World War II,1939,255,Germany,290,Poland,Christianity,Christianity,1
World War II,1939,255,Germany,220,France,Christianity,Christianity,1
World War II,1939,255,Germany,712,Mongolia,Christianity,Non,1
World War II,1939,255,Germany,710,China,Christianity,Syncretic,1
World War II,1939,255,Germany,560,South Africa,Christianity,Christianity,1
World War II,1939,255,Germany,530,Ethiopia,Christianity,Christianity,1
World War II,1939,290,Poland,310,Hungary,Christianity,Christianity,0
World War II,1939,290,Poland,220,France,Christianity,Christianity,0
World War II,1939,290,Poland,375,Finland,Christianity,Christianity,0
World War II,1939,290,Poland,325,Italy,Christianity,Christianity,0
World War II,1939,290,Poland,360,Romania,Christianity,Christianity,0
World War II,1939,290,Poland,355,Bulgaria,Christianity,Christianity,0
World War II,1939,290,Poland,255,Germany,Christianity,Christianity,0
World War II,1939,290,Poland,740,Japan,Christianity,Shinto,0
World War II,1939,220,France,310,Hungary,Christianity,Christianity,0
World War II,1939,220,France,375,Finland,Christianity,Christianity,0
World War II,1939,220,France,325,Italy,Christianity,Christianity,0
World War II,1939,220,France,360,Romania,Christianity,Christianity,0
World War II,1939,220,France,355,Bulgaria,Christianity,Christianity,0
World War II,1939,220,France,255,Germany,Christianity,Christianity,0
World War II,1939,220,France,740,Japan,Christianity,Shinto,0
World War II,1941,740,Japan,211,Belgium,Shinto,Christianity,0
World War II,1941,740,Japan,345,Yugoslavia,Shinto,Christianity,0
World War II,1941,740,Japan,385,Norway,Shinto,Christianity,0
World War II,1941,740,Japan,20,Canada,Shinto,Christianity,0
World War II,1941,740,Japan,2,United States of America,Shinto,Christianity,0
World War II,1941,740,Japan,200,United Kingdom,Shinto,Christianity,0
World War II,1941,740,Japan,210,Netherlands,Shinto,Christianity,0
World War II,1941,740,Japan,360,Romania,Shinto,Christianity,0
World War II,1941,740,Japan,355,Bulgaria,Shinto,Christianity,0
World War II,1941,740,Japan,350,Greece,Shinto,Christianity,0
World War II,1941,740,Japan,140,Brazil,Shinto,Christianity,0
World War II,1941,740,Japan,325,Italy,Shinto,Christianity,0
World War II,1941,740,Japan,900,Australia,Shinto,Christianity,0
World War II,1941,740,Japan,920,New Zealand,Shinto,Christianity,0
World War II,1941,740,Japan,365,USSR,Shinto,Non,0
World War II,1941,740,Japan,290,Poland,Shinto,Christianity,0
World War II,1941,740,Japan,220,France,Shinto,Christianity,0
World War II,1941,740,Japan,712,Mongolia,Shinto,Non,0
World War II,1941,740,Japan,710,China,Shinto,Syncretic,0
World War II,1941,740,Japan,560,South Africa,Shinto,Christianity,0
World War II,1941,740,Japan,530,Ethiopia,Shinto,Christianity,0
World War II,1945,712,Mongolia,310,Hungary,Non,Christianity,0
World War II,1945,712,Mongolia,220,France,Non,Christianity,0
World War II,1945,712,Mongolia,375,Finland,Non,Christianity,0
World War II,1945,712,Mongolia,325,Italy,Non,Christianity,0
World War II,1945,712,Mongolia,360,Romania,Non,Christianity,0
World War II,1945,712,Mongolia,355,Bulgaria,Non,Christianity,0
World War II,1945,712,Mongolia,255,Germany,Non,Christianity,0
World War II,1945,712,Mongolia,740,Japan,Non,Shinto,0
World War II,1941,710,China,310,Hungary,Syncretic,Christianity,0
World War II,1941,710,China,220,France,Syncretic,Christianity,0
World War II,1941,710,China,375,Finland,Syncretic,Christianity,0
World War II,1941,710,China,325,Italy,Syncretic,Christianity,0
World War II,1941,710,China,360,Romania,Syncretic,Christianity,0
World War II,1941,710,China,355,Bulgaria,Syncretic,Christianity,0
World War II,1941,710,China,255,Germany,Syncretic,Christianity,0
World War II,1941,710,China,740,Japan,Syncretic,Shinto,0
World War II,1939,560,South Africa,310,Hungary,Christianity,Christianity,0
World War II,1939,560,South Africa,220,France,Christianity,Christianity,0
World War II,1939,560,South Africa,375,Finland,Christianity,Christianity,0
World War II,1939,560,South Africa,325,Italy,Christianity,Christianity,0
World War II,1939,560,South Africa,360,Romania,Christianity,Christianity,0
World War II,1939,560,South Africa,355,Bulgaria,Christianity,Christianity,0
World War II,1939,560,South Africa,255,Germany,Christianity,Christianity,0
World War II,1939,560,South Africa,740,Japan,Christianity,Shinto,0
World War II,1941,530,Ethiopia,310,Hungary,Christianity,Christianity,0
World War II,1941,530,Ethiopia,220,France,Christianity,Christianity,0
World War II,1941,530,Ethiopia,375,Finland,Christianity,Christianity,0
World War II,1941,530,Ethiopia,325,Italy,Christianity,Christianity,0
World War II,1941,530,Ethiopia,360,Romania,Christianity,Christianity,0
World War II,1941,530,Ethiopia,355,Bulgaria,Christianity,Christianity,0
World War II,1941,530,Ethiopia,255,Germany,Christianity,Christianity,0
World War II,1941,530,Ethiopia,740,Japan,Christianity,Shinto,0
Russo-Finnish,1939,375,Finland,365,USSR,Christianity,Non,0
Russo-Finnish,1939,365,USSR,375,Finland,Non,Christianity,1
Franco-Thai,1940,220,France,800,Thailand,Christianity,Buddhism,0
Franco-Thai,1940,800,Thailand,220,France,Buddhism,Christianity,1
First Kashmir,1947,750,India,770,Pakistan,Hindu,Islam,1
First Kashmir,1947,770,Pakistan,750,India,Islam,Hindu,0
Arab-Israeli,1948,666,Israel,651,Egypt,Judaism,Islam,0
Arab-Israeli,1948,666,Israel,652,Syria,Judaism,Islam,0
Arab-Israeli,1948,666,Israel,660,Lebanon,Judaism,Christianity,0
Arab-Israeli,1948,666,Israel,663,Jordan,Judaism,Islam,0
Arab-Israeli,1948,666,Israel,645,Iraq,Judaism,Islam,0
Arab-Israeli,1948,651,Egypt,666,Israel,Islam,Judaism,0
Arab-Israeli,1948,652,Syria,666,Israel,Islam,Judaism,0
Arab-Israeli,1948,660,Lebanon,666,Israel,Christianity,Judaism,0
Arab-Israeli,1948,663,Jordan,666,Israel,Islam,Judaism,1
Arab-Israeli,1948,645,Iraq,666,Israel,Islam,Judaism,0
Korean,1950,710,China,211,Belgium,Syncretic,Christianity,0
Korean,1950,710,China,20,Canada,Syncretic,Christianity,0
Korean,1950,710,China,100,Colombia,Syncretic,Christianity,0
Korean,1950,710,China,200,United Kingdom,Syncretic,Christianity,0
Korean,1950,710,China,210,Netherlands,Syncretic,Christianity,0
Korean,1950,710,China,350,Greece,Syncretic,Christianity,0
Korean,1950,710,China,220,France,Syncretic,Christianity,0
Korean,1950,710,China,640,Turkey,Syncretic,Islam,0
Korean,1950,710,China,840,Philippines,Syncretic,Christianity,0
Korean,1950,710,China,800,Thailand,Syncretic,Buddhism,0
Korean,1950,710,China,530,Ethiopia,Syncretic,Christianity,0
Korean,1950,710,China,900,Australia,Syncretic,Christianity,0
Korean,1950,710,China,732,South Korea,Syncretic,Animist,0
Korean,1950,710,China,2,United States of America,Syncretic,Christianity,0
Korean,1951,211,Belgium,710,China,Christianity,Syncretic,0
Korean,1951,211,Belgium,731,North Korea,Christianity,Non,0
Korean,1950,20,Canada,710,China,Christianity,Syncretic,0
Korean,1950,20,Canada,731,North Korea,Christianity,Non,0
Korean,1951,100,Colombia,710,China,Christianity,Syncretic,0
Korean,1951,100,Colombia,731,North Korea,Christianity,Non,0
Korean,1950,200,United Kingdom,710,China,Christianity,Syncretic,0
Korean,1950,200,United Kingdom,731,North Korea,Christianity,Non,0
Korean,1951,210,Netherlands,710,China,Christianity,Syncretic,0
Korean,1951,210,Netherlands,731,North Korea,Christianity,Non,0
Korean,1951,350,Greece,710,China,Christianity,Syncretic,0
Korean,1951,350,Greece,731,North Korea,Christianity,Non,0
Korean,1951,220,France,710,China,Christianity,Syncretic,0
Korean,1951,220,France,731,North Korea,Christianity,Non,0
Korean,1950,640,Turkey,710,China,Islam,Syncretic,0
Korean,1950,640,Turkey,731,North Korea,Islam,Non,0
Korean,1950,840,Philippines,710,China,Christianity,Syncretic,0
Korean,1950,840,Philippines,731,North Korea,Christianity,Non,0
Korean,1951,800,Thailand,710,China,Buddhism,Syncretic,0
Korean,1951,800,Thailand,731,North Korea,Buddhism,Non,0
Korean,1950,731,North Korea,211,Belgium,Non,Christianity,1
Korean,1950,731,North Korea,20,Canada,Non,Christianity,1
Korean,1950,731,North Korea,100,Colombia,Non,Christianity,1
Korean,1950,731,North Korea,200,United Kingdom,Non,Christianity,1
Korean,1950,731,North Korea,210,Netherlands,Non,Christianity,1
Korean,1950,731,North Korea,350,Greece,Non,Christianity,1
Korean,1950,731,North Korea,220,France,Non,Christianity,1
Korean,1950,731,North Korea,640,Turkey,Non,Islam,1
Korean,1950,731,North Korea,840,Philippines,Non,Christianity,1
Korean,1950,731,North Korea,800,Thailand,Non,Buddhism,1
Korean,1950,731,North Korea,530,Ethiopia,Non,Christianity,1
Korean,1950,731,North Korea,900,Australia,Non,Christianity,1
Korean,1950,731,North Korea,732,South Korea,Non,Animist,1
Korean,1950,731,North Korea,2,United States of America,Non,Christianity,1
Korean,1951,530,Ethiopia,710,China,Christianity,Syncretic,0
Korean,1951,530,Ethiopia,731,North Korea,Christianity,Non,0
Korean,1950,900,Australia,710,China,Christianity,Syncretic,0
Korean,1950,900,Australia,731,North Korea,Christianity,Non,0
Korean,1950,732,South Korea,710,China,Animist,Syncretic,0
Korean,1950,732,South Korea,731,North Korea,Animist,Non,0
Korean,1950,2,United States of America,710,China,Christianity,Syncretic,0
Korean,1950,2,United States of America,731,North Korea,Christianity,Non,0
Off-shore Islands,1954,710,China,713,Taiwan,Syncretic,Syncretic,1
Off-shore Islands,1954,713,Taiwan,710,China,Syncretic,Syncretic,0
Sinai War,1956,220,France,651,Egypt,Christianity,Islam,0
Sinai War,1956,666,Israel,651,Egypt,Judaism,Islam,1
Sinai War,1956,651,Egypt,220,France,Islam,Christianity,0
Sinai War,1956,651,Egypt,666,Israel,Islam,Judaism,0
Sinai War,1956,651,Egypt,200,United Kingdom,Islam,Christianity,0
Sinai War,1956,200,United Kingdom,651,Egypt,Christianity,Islam,0
Soviet Invasion of Hungary,1956,310,Hungary,365,USSR,Christianity,Non,0
Soviet Invasion of Hungary,1956,365,USSR,310,Hungary,Non,Christianity,1
IfniWar,1958,220,France,600,Morocco,Christianity,Islam,0
IfniWar,1957,230,Spain,600,Morocco,Christianity,Islam,0
IfniWar,1957,600,Morocco,220,France,Islam,Christianity,1
IfniWar,1957,600,Morocco,230,Spain,Islam,Christianity,1
Taiwan Straits,1958,710,China (PRC),713,Taiwan (ROC),Syncretic,Syncretic,1
Taiwan Straits,1958,713,Taiwan (ROC),710,China (PRC),Syncretic,Syncretic,0
Assam,1962,750,India,710,China (PRC),Hindu,Syncretic,0
Assam,1962,710,China (PRC),750,India,Syncretic,Hindu,1
"Vietnam War, Phase 2",1965,2,United States of America,816,Vietnam,Christianity,Non,1
"Vietnam War, Phase 2",1970,811,Cambodia,816,Vietnam,Buddhism,Non,0
"Vietnam War, Phase 2",1965,732,South Korea,816,Vietnam,Animist,Non,0
"Vietnam War, Phase 2",1966,840,Philippines,816,Vietnam,Christianity,Non,0
"Vietnam War, Phase 2",1965,817,South Vietnam,816,Vietnam,Buddhism,Non,0
"Vietnam War, Phase 2",1965,816,Vietnam,2,United States of America,Non,Christianity,0
"Vietnam War, Phase 2",1965,816,Vietnam,811,Cambodia,Non,Buddhism,0
"Vietnam War, Phase 2",1965,816,Vietnam,732,South Korea,Non,Animist,0
"Vietnam War, Phase 2",1965,816,Vietnam,840,Philippines,Non,Christianity,0
"Vietnam War, Phase 2",1965,816,Vietnam,817,South Vietnam,Non,Buddhism,0
"Vietnam War, Phase 2",1965,816,Vietnam,800,Thailand,Non,Buddhism,0
"Vietnam War, Phase 2",1965,816,Vietnam,900,Australia,Non,Christianity,0
"Vietnam War, Phase 2",1967,800,Thailand,816,Vietnam,Buddhism,Non,0
"Vietnam War, Phase 2",1965,900,Australia,816,Vietnam,Christianity,Non,0
Second Kashmir,1965,750,India,770,Pakistan,Hindu,Islam,0
Second Kashmir,1965,770,Pakistan,750,India,Islam,Hindu,1
Six Day War,1967,666,Israel,651,Egypt,Judaism,Islam,1
Six Day War,1967,666,Israel,663,Jordan,Judaism,Islam,1
Six Day War,1967,666,Israel,652,Syria,Judaism,Islam,1
Six Day War,1967,651,Egypt,666,Israel,Islam,Judaism,0
Six Day War,1967,663,Jordan,666,Israel,Islam,Judaism,0
Six Day War,1967,652,Syria,666,Israel,Islam,Judaism,0
"Second Laotian, Phase 2",1968,2,United States of America,816,Vietnam,Christianity,Non,0
"Second Laotian, Phase 2",1970,800,Thailand,816,Vietnam,Buddhism,Non,0
"Second Laotian, Phase 2",1968,812,Laos,816,Vietnam,Buddhism,Non,0
"Second Laotian, Phase 2",1968,816,Vietnam,2,United States of America,Non,Christianity,1
"Second Laotian, Phase 2",1968,816,Vietnam,800,Thailand,Non,Buddhism,1
"Second Laotian, Phase 2",1968,816,Vietnam,812,Laos,Non,Buddhism,1
War of Attrition,1969,651,Egypt,666,Israel,Islam,Judaism,1
War of Attrition,1969,666,Israel,651,Egypt,Judaism,Islam,0
Football War,1969,91,Honduras,92,El Salvador,Christianity,Christianity,0
Football War,1969,92,El Salvador,91,Honduras,Christianity,Christianity,1
Communist Coalition,1970,816,Vietnam,2,United States of America,Non,Christianity,1
Communist Coalition,1970,816,Vietnam,811,Cambodia,Non,Buddhism,1
Communist Coalition,1970,816,Vietnam,817,South Vietnam,Non,Buddhism,1
Communist Coalition,1970,2,United States of America,816,Vietnam,Christianity,Non,0
Communist Coalition,1970,811,Cambodia,816,Vietnam,Buddhism,Non,0
Communist Coalition,1970,817,South Vietnam,816,Vietnam,Buddhism,Non,0
Bangladesh,1971,750,India,770,Pakistan,Hindu,Islam,0
Bangladesh,1971,770,Pakistan,750,India,Islam,Hindu,1
Yom Kippur War,1973,651,Egypt,666,Israel,Islam,Judaism,1
Yom Kippur War,1973,670,Saudi Arabia,666,Israel,Islam,Judaism,0
Yom Kippur War,1973,666,Israel,651,Egypt,Judaism,Islam,0
Yom Kippur War,1973,666,Israel,670,Saudi Arabia,Judaism,Islam,0
Yom Kippur War,1973,666,Israel,663,Jordan,Judaism,Islam,0
Yom Kippur War,1973,666,Israel,652,Syria,Judaism,Islam,0
Yom Kippur War,1973,666,Israel,645,Iraq,Judaism,Islam,0
Yom Kippur War,1973,663,Jordan,666,Israel,Islam,Judaism,0
Yom Kippur War,1973,652,Syria,666,Israel,Islam,Judaism,1
Yom Kippur War,1973,645,Iraq,666,Israel,Islam,Judaism,0
Turco-Cypriot,1974,640,Turkey,352,Cyprus,Islam,Christianity,1
Turco-Cypriot,1974,352,Cyprus,640,Turkey,Christianity,Islam,0
War over Angola,1975,40,Cuba,560,South Africa,Christianity,Christianity,0
War over Angola,1975,40,Cuba,490,Democratic Republic of the Congo,Christianity,Christianity,0
War over Angola,1975,560,South Africa,40,Cuba,Christianity,Christianity,1
War over Angola,1975,560,South Africa,540,Angola,Christianity,Christianity,1
War over Angola,1975,490,Democratic Republic of the Congo,40,Cuba,Christianity,Christianity,0
War over Angola,1975,490,Democratic Republic of the Congo,540,Angola,Christianity,Christianity,0
War over Angola,1975,540,Angola,560,South Africa,Christianity,Christianity,0
War over Angola,1975,540,Angola,490,Democratic Republic of the Congo,Christianity,Christianity,0
"Second Ogaden War, Phase 2",1977,530,Ethiopia,520,Somalia,Christianity,Islam,0
"Second Ogaden War, Phase 2",1977,40,Cuba,520,Somalia,Christianity,Islam,0
"Second Ogaden War, Phase 2",1977,520,Somalia,530,Ethiopia,Islam,Christianity,1
"Second Ogaden War, Phase 2",1977,520,Somalia,40,Cuba,Islam,Christianity,1
Vietnamese-Cambodian,1977,816,Vietnam,811,Cambodia,Non,Buddhism,0
Vietnamese-Cambodian,1977,811,Cambodia,816,Vietnam,Buddhism,Non,1
Ugandian-Tanzanian,1978,500,Uganda,510,Tanzania,Christianity,Christianity,1
Ugandian-Tanzanian,1978,510,Tanzania,500,Uganda,Christianity,Christianity,0
Ugandian-Tanzanian,1978,510,Tanzania,620,Libya,Christianity,Islam,0
Ugandian-Tanzanian,1979,620,Libya,510,Tanzania,Islam,Christianity,0
Sino-Vietnamese Punitive,1979,710,China,816,Vietnam,Syncretic,Non,1
Sino-Vietnamese Punitive,1979,816,Vietnam,710,China,Non,Syncretic,0
Iran-Iraq,1980,645,Iraq,630,Iran,Islam,Islam,1
Iran-Iraq,1980,630,Iran,645,Iraq,Islam,Islam,0
Falkland Islands,1982,200,United Kingdom,160,Argentina,Christianity,Christianity,0
Falkland Islands,1982,160,Argentina,200,United Kingdom,Christianity,Christianity,1
War over Lebanon,1982,666,Israel,652,Syria,Judaism,Islam,1
War over Lebanon,1982,652,Syria,666,Israel,Islam,Judaism,0
War over the Aouzou Strip,1986,483,Chad,620,Libya,Islam,Islam,1
War over the Aouzou Strip,1986,620,Libya,483,Chad,Islam,Islam,0
Sino-Vietnamese Border War,1987,816,Vietnam,710,China,Non,Syncretic,0
Sino-Vietnamese Border War,1987,710,China,816,Vietnam,Syncretic,Non,1
Gulf War,1990,690,Kuwait,645,Iraq,Islam,Islam,0
Gulf War,1991,2,United States of America,645,Iraq,Christianity,Islam,0
Gulf War,1991,20,Canada,645,Iraq,Christianity,Islam,0
Gulf War,1991,200,United Kingdom,645,Iraq,Christianity,Islam,0
Gulf War,1991,325,Italy,645,Iraq,Christianity,Islam,0
Gulf War,1991,600,Morocco,645,Iraq,Islam,Islam,0
Gulf War,1990,645,Iraq,690,Kuwait,Islam,Islam,1
Gulf War,1990,645,Iraq,2,United States of America,Islam,Christianity,1
Gulf War,1990,645,Iraq,20,Canada,Islam,Christianity,1
Gulf War,1990,645,Iraq,200,United Kingdom,Islam,Christianity,1
Gulf War,1990,645,Iraq,325,Italy,Islam,Christianity,1
Gulf War,1990,645,Iraq,600,Morocco,Islam,Islam,1
Gulf War,1990,645,Iraq,651,Egypt,Islam,Islam,1
Gulf War,1990,645,Iraq,698,Oman,Islam,Islam,1
Gulf War,1990,645,Iraq,220,France,Islam,Christianity,1
Gulf War,1990,645,Iraq,696,United Arab Emirates,Islam,Islam,1
Gulf War,1990,645,Iraq,694,Qatar,Islam,Islam,1
Gulf War,1990,645,Iraq,670,Saudi Arabia,Islam,Islam,1
Gulf War,1990,645,Iraq,652,Syria,Islam,Islam,1
Gulf War,1991,651,Egypt,645,Iraq,Islam,Islam,0
Gulf War,1991,698,Oman,645,Iraq,Islam,Islam,0
Gulf War,1991,220,France,645,Iraq,Christianity,Islam,0
Gulf War,1991,696,United Arab Emirates,645,Iraq,Islam,Islam,0
Gulf War,1991,694,Qatar,645,Iraq,Islam,Islam,0
Gulf War,1991,670,Saudi Arabia,645,Iraq,Islam,Islam,0
Gulf War,1991,652,Syria,645,Iraq,Islam,Islam,0
Bosnian Independence,1992,344,Croatia,345,Yugoslavia,Christianity,Christianity,0
Bosnian Independence,1992,346,Bosnia,345,Yugoslavia,Christianity,Christianity,0
Bosnian Independence,1992,345,Yugoslavia,344,Croatia,Christianity,Christianity,1
Bosnian Independence,1992,345,Yugoslavia,346,Bosnia,Christianity,Christianity,1
Azeri-Armenian,1993,373,Azerbaijan,371,Armenia,Islam,Christianity,0
Azeri-Armenian,1993,371,Armenia,373,Azerbaijan,Christianity,Islam,1
Cenepa Valley,1995,130,Ecuador,135,Peru,Christianity,Christianity,1
Cenepa Valley,1995,135,Peru,130,Ecuador,Christianity,Christianity,0
Badme Border,1998,531,Eritrea,530,Ethiopia,Christianity,Christianity,1
Badme Border,1998,530,Ethiopia,531,Eritrea,Christianity,Christianity,0
War for Kosovo,1999,640,Turkey,345,Yugoslavia,Islam,Christianity,1
War for Kosovo,1999,325,Italy,345,Yugoslavia,Christianity,Christianity,1
War for Kosovo,1999,200,United Kingdom,345,Yugoslavia,Christianity,Christianity,1
War for Kosovo,1999,2,United States of America,345,Yugoslavia,Christianity,Christianity,1
War for Kosovo,1999,210,Netherlands,345,Yugoslavia,Christianity,Christianity,1
War for Kosovo,1999,220,France,345,Yugoslavia,Christianity,Christianity,1
War for Kosovo,1999,345,Yugoslavia,640,Turkey,Christianity,Islam,0
War for Kosovo,1999,345,Yugoslavia,325,Italy,Christianity,Christianity,0
War for Kosovo,1999,345,Yugoslavia,200,United Kingdom,Christianity,Christianity,0
War for Kosovo,1999,345,Yugoslavia,2,United States of America,Christianity,Christianity,0
War for Kosovo,1999,345,Yugoslavia,210,Netherlands,Christianity,Christianity,0
War for Kosovo,1999,345,Yugoslavia,220,France,Christianity,Christianity,0
War for Kosovo,1999,345,Yugoslavia,255,Germany,Christianity,Christianity,0
War for Kosovo,1999,255,Germany,345,Yugoslavia,Christianity,Christianity,1
Kargil War,1999,750,India,770,Pakistan,Hindu,Islam,0
Kargil War,1999,770,Pakistan,750,India,Islam,Hindu,1
Invasion of Afghanistan,2001,20,Canada,700,Afghanistan,Christianity,Islam,0
Invasion of Afghanistan,2001,220,France,700,Afghanistan,Christianity,Islam,0
Invasion of Afghanistan,2001,200,United Kingdom,700,Afghanistan,Christianity,Islam,1
Invasion of Afghanistan,2001,2,United States of America,700,Afghanistan,Christianity,Islam,1
Invasion of Afghanistan,2001,900,Australia,700,Afghanistan,Christianity,Islam,0
Invasion of Afghanistan,2001,700,Afghanistan,20,Canada,Islam,Christianity,0
Invasion of Afghanistan,2001,700,Afghanistan,220,France,Islam,Christianity,0
Invasion of Afghanistan,2001,700,Afghanistan,200,United Kingdom,Islam,Christianity,0
Invasion of Afghanistan,2001,700,Afghanistan,2,United States of America,Islam,Christianity,0
Invasion of Afghanistan,2001,700,Afghanistan,900,Australia,Islam,Christianity,0
Invasion of Iraq,2003,900,Australia,645,Iraq,Christianity,Islam,1
Invasion of Iraq,2003,200,United Kingdom,645,Iraq,Christianity,Islam,1
Invasion of Iraq,2003,2,United States of America,645,Iraq,Christianity,Islam,1
Invasion of Iraq,2003,645,Iraq,900,Australia,Islam,Christianity,0
Invasion of Iraq,2003,645,Iraq,200,United Kingdom,Islam,Christianity,0
Invasion of Iraq,2003,645,Iraq,2,United States of America,Islam,Christianity,0
